order_id,account_id,company,status,currency,subtotal,tax,total,created_at
1,27611,"Boone, Gallagher and Scott",paid,GBP,8346.0,1669.2,10015.2,2026-03-03T20:08:12.076587Z
2,17412,Miller and Sons,confirmed,EUR,464.0,92.8,556.8,2026-03-03T20:08:11.991930Z
3,41190,"Stephens, Wood and Munoz",paid,USD,2397.91,167.85,2565.76,2026-03-03T20:08:12.012846Z
4,40939,Garcia-Foster,paid,EUR,9588.0,1917.6,11505.6,2026-03-03T20:08:12.051161Z
5,91644,Harmon-Pope,created,EUR,0.72,0.14,0.86,2026-03-03T20:08:12.034381Z
6,85211,Washington LLC,created,GBP,4777.11,955.42,5732.53,2026-03-03T20:08:12.000880Z
7,52445,Foster Inc,paid,USD,0.25,0.02,0.27,2026-03-03T20:08:11.996882Z
8,39714,Rivers-Martinez,confirmed,EUR,203.9,40.78,244.68,2026-03-03T20:08:12.066357Z
9,70687,"Brooks, Taylor and Delacruz",confirmed,USD,1.93,0.14,2.07,2026-03-03T20:08:12.070006Z
10,84894,Patterson PLC,created,GBP,4518.0,903.6,5421.6,2026-03-03T20:08:12.003411Z
11,69294,"Vincent, Harrington and Hayes",paid,GBP,0.09,0.02,0.11,2026-03-03T20:08:12.062170Z
12,72202,Sandoval-Estrada,invoiced,USD,0.46,0.03,0.49,2026-03-03T20:08:12.154589Z
13,43948,Jennings-Sutton,confirmed,USD,2.56,0.18,2.74,2026-03-03T20:08:12.084426Z
14,24002,"Park, Pearson and Bentley",invoiced,EUR,39688.0,7937.6,47625.6,2026-03-03T20:08:12.073683Z
15,37391,Boyd Inc,paid,USD,6368.35,445.78,6814.13,2026-03-03T20:08:13.640174Z
16,57385,Castillo-Butler,confirmed,USD,697.52,48.83,746.35,2026-03-03T20:08:12.101060Z
17,78417,Roman-Horne,confirmed,EUR,26367.0,5273.4,31640.4,2026-03-03T20:08:13.619898Z
18,33758,Stanley LLC,paid,USD,1487.88,104.15,1592.03,2026-03-03T20:08:12.221059Z
19,98752,Glover PLC,confirmed,USD,3281.82,229.73,3511.55,2026-03-03T20:08:12.683501Z
20,99948,Green Ltd,created,GBP,0.32,0.06,0.38,2026-03-03T20:08:12.608163Z
21,31620,Norris-Reid,invoiced,EUR,1308.76,261.75,1570.51,2026-03-03T20:08:12.613458Z
22,28398,Johnson Group,paid,USD,30362.0,2125.34,32487.34,2026-03-03T20:08:12.690923Z
23,47999,Smith LLC,paid,GBP,4011.0,802.2,4813.2,2026-03-03T20:08:12.624595Z
24,60182,"White, Murillo and Lee",invoiced,GBP,2.8,0.56,3.36,2026-03-03T20:08:12.606082Z
25,59409,Lewis LLC,invoiced,GBP,0.31,0.06,0.37,2026-03-03T20:08:12.659960Z
26,36575,"Harris, Burke and Brown",created,GBP,0.21,0.04,0.25,2026-03-03T20:08:12.653437Z
27,94999,Miles-Krueger,paid,USD,5456.19,381.93,5838.12,2026-03-03T20:08:12.758412Z
28,24805,"Anderson, Harper and Thompson",invoiced,USD,1.77,0.12,1.89,2026-03-03T20:08:12.748682Z
29,81843,Reed PLC,paid,EUR,9752.34,1950.47,11702.81,2026-03-03T20:08:14.615463Z
30,80658,Carr-Howell,created,EUR,585.01,117.0,702.01,2026-03-03T20:08:12.733022Z
31,11609,Rodriguez-Long,paid,USD,0.19,0.01,0.2,2026-03-03T20:08:12.760317Z
32,20147,Thomas Ltd,paid,EUR,4773.52,954.7,5728.22,2026-03-03T20:08:12.741726Z
33,84754,Chen LLC,invoiced,GBP,8963.0,1792.6,10755.6,2026-03-03T20:08:12.790125Z
34,79328,Willis-Bridges,created,GBP,2.91,0.58,3.49,2026-03-03T20:08:12.812466Z
35,81918,Christensen-Burgess,invoiced,EUR,4378.0,875.6,5253.6,2026-03-03T20:08:12.814804Z
36,53083,Bird LLC,invoiced,USD,1856.0,129.92,1985.92,2026-03-03T20:08:12.822084Z
37,99391,"Davis, Williamson and Wilkinson",paid,EUR,31522.57,6304.51,37827.08,2026-03-03T20:08:13.659025Z
38,93817,Patterson-Ramsey,created,USD,1683.0,117.81,1800.81,2026-03-03T20:08:13.644124Z
39,37505,Cruz-Lee,created,USD,1.23,0.09,1.32,2026-03-03T20:08:13.604374Z
40,70110,"Humphrey, Johnson and Campbell",invoiced,USD,0.48,0.03,0.51,2026-03-03T20:08:13.647071Z
41,59941,Hall-Martin,invoiced,EUR,17542.0,3508.4,21050.4,2026-03-03T20:08:13.688650Z
42,93810,Johnson LLC,paid,GBP,3.63,0.73,4.36,2026-03-03T20:08:13.667515Z
43,15053,Horton-Thomas,invoiced,EUR,797.6,159.52,957.12,2026-03-03T20:08:13.656501Z
44,63547,"Weaver, Atkins and Thompson",confirmed,EUR,5365.24,1073.05,6438.29,2026-03-03T20:08:13.756341Z
45,45635,Freeman-Miller,created,USD,38353.01,2684.71,41037.72,2026-03-03T20:08:13.734595Z
46,20011,Williams-Matthews,confirmed,USD,8757.68,613.04,9370.72,2026-03-03T20:08:13.782721Z
47,56117,Jordan Group,invoiced,EUR,14361.07,2872.21,17233.28,2026-03-03T20:08:13.767994Z
48,81848,Anderson-Dawson,created,USD,7191.0,503.37,7694.37,2026-03-03T20:08:13.784985Z
49,18766,Gutierrez-Rodriguez,invoiced,USD,3.35,0.23,3.58,2026-03-03T20:08:13.758485Z
50,75213,Diaz-Macdonald,confirmed,USD,16517.0,1156.19,17673.19,2026-03-03T20:08:13.736680Z
51,41918,"Tran, Sanchez and Chaney",paid,EUR,1.19,0.24,1.43,2026-03-03T20:08:13.812742Z
52,45168,Beard PLC,created,USD,19176.22,1342.34,20518.56,2026-03-03T20:08:13.763840Z
53,90889,Bryant Ltd,created,USD,4378.0,306.46,4684.46,2026-03-03T20:08:14.603449Z
54,28019,Hawkins-Webb,confirmed,USD,0.18,0.01,0.19,2026-03-03T20:08:14.651674Z
55,21841,Hernandez Ltd,invoiced,USD,35595.0,2491.65,38086.65,2026-03-03T20:08:14.662511Z
56,83368,Wells PLC,paid,EUR,1188.0,237.6,1425.6,2026-03-03T20:08:14.612820Z
57,15579,Lawrence-Smith,paid,GBP,14549.0,2909.8,17458.8,2026-03-03T20:08:16.864794Z
58,86121,Harris Ltd,confirmed,GBP,1881.0,376.2,2257.2,2026-03-03T20:08:14.633791Z
59,39384,Cantu Group,created,GBP,21968.04,4393.61,26361.65,2026-03-03T20:08:14.648860Z
60,50344,Lane-Baker,paid,EUR,1891.24,378.25,2269.49,2026-03-03T20:08:14.618153Z
61,74813,Hawkins LLC,invoiced,EUR,27965.46,5593.09,33558.55,2026-03-03T20:08:14.636226Z
62,85400,Brown and Sons,paid,GBP,3.23,0.65,3.88,2026-03-03T20:08:14.684510Z
63,68345,Carter-Blankenship,created,USD,495.55,34.69,530.24,2026-03-03T20:08:14.761591Z
64,72411,Mccoy Group,paid,GBP,4950.0,990.0,5940.0,2026-03-03T20:08:14.742021Z
65,64361,Roberts-Kirk,confirmed,EUR,43927.0,8785.4,52712.4,2026-03-03T20:08:14.688740Z
66,19281,Hamilton-Sanchez,invoiced,EUR,1305.0,261.0,1566.0,2026-03-03T20:08:16.634902Z
67,19803,Miranda Group,confirmed,GBP,3995.87,799.17,4795.04,2026-03-03T20:08:14.704244Z
68,71127,"Burgess, Odonnell and Rodriguez",invoiced,GBP,0.73,0.15,0.88,2026-03-03T20:08:14.744253Z
69,99684,Davis and Sons,created,EUR,15748.92,3149.78,18898.7,2026-03-03T20:08:14.756942Z
70,25523,Warner-Cole,confirmed,GBP,5416.99,1083.4,6500.39,2026-03-03T20:08:15.602257Z
71,52434,"Harvey, Smith and Mcgrath",invoiced,EUR,797.11,159.42,956.53,2026-03-03T20:08:15.628727Z
72,19624,"Rodgers, Lopez and Hale",invoiced,USD,11985.26,838.97,12824.23,2026-03-03T20:08:15.597567Z
73,46675,Shaw PLC,paid,USD,8351.0,584.57,8935.57,2026-03-03T20:08:15.630702Z
74,90035,"Camacho, Flores and Marsh",paid,EUR,2587.8,517.56,3105.36,2026-03-03T20:08:15.633143Z
75,69093,"Kim, Williams and Saunders",invoiced,EUR,1092.0,218.4,1310.4,2026-03-03T20:08:15.608779Z
76,58569,Clements-Gonzalez,paid,GBP,4059.0,811.8,4870.8,2026-03-03T20:08:15.606395Z
77,43125,Gonzalez-Lee,confirmed,USD,0.53,0.04,0.57,2026-03-03T20:08:15.644781Z
78,34596,Evans Ltd,paid,GBP,1.04,0.21,1.25,2026-03-03T20:08:15.727789Z
79,29049,Bailey-Martin,invoiced,USD,2574.0,180.18,2754.18,2026-03-03T20:08:15.662085Z
80,45584,Weaver-Erickson,confirmed,EUR,0.56,0.11,0.67,2026-03-03T20:08:15.721596Z
81,76314,Morgan-Schmidt,confirmed,USD,37554.28,2628.8,40183.08,2026-03-03T20:08:15.735206Z
82,28968,Lucero-Carter,paid,USD,464.0,32.48,496.48,2026-03-03T20:08:15.691222Z
83,75032,Davis-Gray,created,EUR,8256.0,1651.2,9907.2,2026-03-03T20:08:15.730419Z
84,47170,Burns PLC,paid,GBP,377.0,75.4,452.4,2026-03-03T20:08:15.761316Z
85,36160,"Gilbert, Rodriguez and Stein",created,USD,40743.69,2852.06,43595.75,2026-03-03T20:08:15.725280Z
86,14067,"Monroe, Stewart and Smith",invoiced,EUR,0.44,0.09,0.53,2026-03-03T20:08:17.606948Z
87,29130,"Lopez, Combs and Fernandez",paid,USD,17578.85,1230.52,18809.37,2026-03-03T20:08:17.685148Z
88,62099,Cook and Sons,created,GBP,1.2,0.24,1.44,2026-03-03T20:08:16.641285Z
89,20628,"Warner, Green and Cooper",confirmed,EUR,799.34,159.87,959.21,2026-03-03T20:08:16.654977Z
90,36695,"Davis, Keller and Willis",invoiced,GBP,34357.0,6871.4,41228.4,2026-03-03T20:08:16.674692Z
91,20947,"Jackson, Sutton and Martin",confirmed,EUR,2790.24,558.05,3348.29,2026-03-03T20:08:16.606212Z
92,65187,"Cunningham, Grant and Chapman",created,USD,4159.4,291.16,4450.56,2026-03-03T20:08:16.648894Z
93,74795,"Sharp, Ware and Davis",created,USD,4794.0,335.58,5129.58,2026-03-03T20:08:16.664730Z
94,81670,Martinez LLC,created,USD,87.11,6.1,93.21,2026-03-03T20:08:16.729202Z
95,79711,"Booker, Doyle and Bowers",paid,USD,10033.0,702.31,10735.31,2026-03-03T20:08:16.719038Z
96,58574,Velez-Foster,paid,GBP,792.0,158.4,950.4,2026-03-03T20:08:16.780971Z
97,35498,Shaffer-Watson,confirmed,USD,5070.0,354.9,5424.9,2026-03-03T20:08:16.804196Z
98,56713,"Guerra, Gomez and Brown",created,EUR,27382.4,5476.48,32858.88,2026-03-03T20:08:16.809797Z
99,62950,Gonzalez-White,paid,USD,67385.0,4716.95,72101.95,2026-03-03T20:08:18.615723Z
100,29093,Gibson-Townsend,paid,EUR,5149.05,1029.81,6178.86,2026-03-03T20:08:16.806656Z
101,86172,Kerr PLC,created,GBP,14729.0,2945.8,17674.8,2026-03-03T20:08:16.844393Z
102,29421,"Gilbert, Jackson and Marquez",paid,EUR,9551.0,1910.2,11461.2,2026-03-03T20:08:16.842156Z
103,69807,"Horton, Meyers and Norris",paid,EUR,30365.23,6073.05,36438.28,2026-03-03T20:08:17.624819Z
104,12560,Dennis and Sons,paid,GBP,1683.0,336.6,2019.6,2026-03-03T20:08:17.660218Z
105,87506,Carpenter-Rodriguez,confirmed,EUR,3961.64,792.33,4753.97,2026-03-03T20:08:17.678480Z
106,72814,Peters PLC,invoiced,EUR,0.21,0.04,0.25,2026-03-03T20:08:17.673042Z
107,42306,"Perkins, Compton and Barrett",created,GBP,1.69,0.34,2.03,2026-03-03T20:08:17.609510Z
108,27107,"Ochoa, Gilmore and Cruz",invoiced,EUR,0.21,0.04,0.25,2026-03-03T20:08:17.654822Z
109,46645,Stevens PLC,invoiced,EUR,5091.99,1018.4,6110.39,2026-03-03T20:08:17.601204Z
110,60860,"Wright, Olson and Hill",created,EUR,3330.0,666.0,3996.0,2026-03-03T20:08:17.692462Z
111,37887,Snyder-Sanders,confirmed,GBP,4354.0,870.8,5224.8,2026-03-03T20:08:17.736298Z
112,73077,"Riley, Evans and Marshall",invoiced,EUR,7078.01,1415.6,8493.61,2026-03-03T20:08:17.670093Z
113,14004,"Dillon, Bowen and Smith",paid,USD,12225.0,855.75,13080.75,2026-03-03T20:08:17.764073Z
114,41579,"Garcia, Wade and Sanchez",invoiced,GBP,29565.72,5913.14,35478.86,2026-03-03T20:08:17.730013Z
115,47125,Waters PLC,paid,EUR,18707.6,3741.52,22449.12,2026-03-03T20:08:17.781661Z
116,88617,"Bowen, Smith and Lucas",paid,EUR,3.48,0.7,4.18,2026-03-03T20:08:17.808908Z
117,41470,Martin Group,confirmed,GBP,30362.0,6072.4,36434.4,2026-03-03T20:08:17.745944Z
118,92825,Collins Ltd,confirmed,USD,1386.09,97.03,1483.12,2026-03-03T20:08:17.784621Z
119,47486,Rodgers PLC,created,GBP,3366.0,673.2,4039.2,2026-03-03T20:08:18.676040Z
120,77493,Lopez Ltd,created,GBP,7649.0,1529.8,9178.8,2026-03-03T20:08:18.599484Z
121,21442,Silva Group,confirmed,GBP,4758.0,951.6,5709.6,2026-03-03T20:08:18.613057Z
122,76849,Harper LLC,confirmed,EUR,27166.0,5433.2,32599.2,2026-03-03T20:08:18.664104Z
123,16863,Miller-Russell,invoiced,GBP,174.0,34.8,208.8,2026-03-03T20:08:18.605392Z
124,46412,"Smith, Meza and Brown",invoiced,USD,1423.8,99.67,1523.47,2026-03-03T20:08:18.601993Z
125,41824,Clayton PLC,invoiced,GBP,10943.28,2188.66,13131.94,2026-03-03T20:08:18.646549Z
126,85048,Lane Group,created,EUR,4059.0,811.8,4870.8,2026-03-03T20:08:18.631759Z
127,15842,"Carpenter, Carson and Johnson",created,EUR,2.68,0.54,3.22,2026-03-03T20:08:18.618840Z
128,41017,Hunt-Anderson,confirmed,GBP,20138.0,4027.6,24165.6,2026-03-03T20:08:18.696071Z
129,86821,"Nelson, Wilkerson and Beasley",confirmed,USD,2166.0,151.62,2317.62,2026-03-03T20:08:18.701675Z
130,78128,Nelson-Yang,invoiced,EUR,892.93,178.59,1071.52,2026-03-03T20:08:18.740144Z
131,51344,Carrillo-Miller,invoiced,USD,1990.0,139.3,2129.3,2026-03-03T20:08:18.742062Z
132,64057,Russell and Sons,invoiced,EUR,10955.84,2191.17,13147.01,2026-03-03T20:08:18.744488Z
133,74727,Olson-Mack,paid,USD,1194.29,83.6,1277.89,2026-03-03T20:08:18.773514Z
134,73454,"Gonzalez, Riggs and Bartlett",created,USD,4579.72,320.58,4900.3,2026-03-03T20:08:18.748500Z
135,97757,Garrett-Aguilar,confirmed,GBP,435.0,87.0,522.0,2026-03-03T20:08:20.670009Z
136,85460,Rice-Hamilton,confirmed,USD,1741.0,121.87,1862.87,2026-03-03T20:08:19.667206Z
137,19485,Ortiz and Sons,confirmed,EUR,3.76,0.75,4.51,2026-03-03T20:08:19.609374Z
138,35354,Cole-Wolfe,paid,USD,36755.6,2572.89,39328.49,2026-03-03T20:08:19.648344Z
139,10197,"Jensen, Franklin and Walter",confirmed,GBP,2.8,0.56,3.36,2026-03-03T20:08:19.640735Z
140,22453,Adams PLC,paid,GBP,38546.68,7709.34,46256.02,2026-03-03T20:08:19.612133Z
141,77806,Carpenter Group,confirmed,USD,5373.29,376.13,5749.42,2026-03-03T20:08:19.644083Z
142,86361,"Frazier, Tucker and Tucker",created,USD,0.32,0.02,0.34,2026-03-03T20:08:19.638368Z
143,34107,Smith and Sons,created,GBP,2259.0,451.8,2710.8,2026-03-03T20:08:19.620961Z
144,68755,Gibson Ltd,confirmed,GBP,34330.8,6866.16,41196.96,2026-03-03T20:08:19.623123Z
145,65412,"Smith, Johnson and Flores",invoiced,EUR,0.09,0.02,0.11,2026-03-03T20:08:19.759043Z
146,27476,Hanson Inc,created,GBP,8048.09,1609.62,9657.71,2026-03-03T20:08:19.709686Z
147,89330,"Hernandez, Duffy and Gonzales",paid,USD,9588.0,671.16,10259.16,2026-03-03T20:08:19.733926Z
148,62887,"Fields, Cordova and Williams",invoiced,GBP,35534.28,7106.86,42641.14,2026-03-03T20:08:19.683539Z
149,19320,King and Sons,created,EUR,6171.07,1234.21,7405.28,2026-03-03T20:08:19.736435Z
150,52777,Lopez-Torres,invoiced,USD,1450.33,101.52,1551.85,2026-03-03T20:08:19.772152Z
151,63689,"Chen, Harris and Mcpherson",paid,EUR,5.89,1.18,7.07,2026-03-03T20:08:19.707725Z
152,61308,"Thomas, Bonilla and Yates",invoiced,GBP,594.0,118.8,712.8,2026-03-03T20:08:19.776977Z
153,74292,Johnson Ltd,invoiced,USD,0.59,0.04,0.63,2026-03-03T20:08:19.785935Z
154,36626,Tucker-Clark,created,EUR,7168.22,1433.64,8601.86,2026-03-03T20:08:21.755205Z
155,86137,"Ryan, English and Bird",confirmed,EUR,8152.0,1630.4,9782.4,2026-03-03T20:08:20.646396Z
156,73934,Small-Wright,invoiced,USD,3196.23,223.74,3419.97,2026-03-03T20:08:20.637972Z
157,90169,Walker-Smith,invoiced,USD,3781.0,264.67,4045.67,2026-03-03T20:08:20.672423Z
158,99686,Michael Inc,invoiced,USD,4045.0,283.15,4328.15,2026-03-03T20:08:20.626394Z
159,61710,Chambers and Sons,paid,USD,1.69,0.12,1.81,2026-03-03T20:08:20.677091Z
160,26061,"Cooper, Thompson and Matthews",created,GBP,4561.52,912.3,5473.82,2026-03-03T20:08:20.685322Z
161,77922,Pierce and Sons,confirmed,USD,21573.62,1510.15,23083.77,2026-03-03T20:08:20.697627Z
162,17039,"Leach, Harris and Harris",confirmed,EUR,15068.3,3013.66,18081.96,2026-03-03T20:08:20.604428Z
163,80965,"Bryant, Silva and Vasquez",invoiced,EUR,16781.88,3356.38,20138.26,2026-03-03T20:08:21.752043Z
164,22495,"Turner, Acevedo and Ford",invoiced,USD,597.0,41.79,638.79,2026-03-03T20:08:20.701328Z
165,12205,Nixon Group,confirmed,GBP,4379.04,875.81,5254.85,2026-03-03T20:08:21.849837Z
166,33424,"Morrison, Patterson and Murphy",confirmed,EUR,11187.13,2237.43,13424.56,2026-03-03T20:08:20.770971Z
167,39993,Murphy LLC,invoiced,EUR,37611.04,7522.21,45133.25,2026-03-03T20:08:20.759097Z
168,25057,"Wood, Lopez and Patel",confirmed,GBP,27166.0,5433.2,32599.2,2026-03-03T20:08:20.768791Z
169,43492,"Weber, Peters and Martinez",invoiced,USD,1.23,0.09,1.32,2026-03-03T20:08:20.824782Z
170,55218,"Flores, Davis and Nguyen",created,GBP,3.76,0.75,4.51,2026-03-03T20:08:20.811430Z
171,83639,Mcgrath-Wilson,invoiced,USD,23546.0,1648.22,25194.22,2026-03-03T20:08:21.675872Z
172,56205,Lewis LLC,invoiced,USD,0.66,0.05,0.71,2026-03-03T20:08:21.681282Z
173,52483,Barnett-Strickland,invoiced,USD,4950.0,346.5,5296.5,2026-03-03T20:08:22.775525Z
174,10614,Lucero-Crawford,invoiced,GBP,24782.0,4956.4,29738.4,2026-03-03T20:08:22.757386Z
175,68190,Williams PLC,paid,USD,11055.84,773.91,11829.75,2026-03-03T20:08:21.621482Z
176,13892,Saunders and Sons,created,EUR,4.74,0.95,5.69,2026-03-03T20:08:22.749385Z
177,38415,Fisher-Lee,invoiced,EUR,667.27,133.45,800.72,2026-03-03T20:08:21.670840Z
178,24768,"Orozco, Newman and Fischer",invoiced,USD,1218.05,85.26,1303.31,2026-03-03T20:08:21.763177Z
179,35975,Summers Inc,confirmed,GBP,31556.24,6311.25,37867.49,2026-03-03T20:08:21.759421Z
180,28905,Craig PLC,paid,EUR,3.57,0.71,4.28,2026-03-03T20:08:21.794479Z
181,86145,"Garcia, Cook and Morgan",created,EUR,2.07,0.41,2.48,2026-03-03T20:08:21.776008Z
182,69253,Hall-Morse,confirmed,EUR,2376.22,475.24,2851.46,2026-03-03T20:08:21.853326Z
183,24148,Burgess Inc,paid,USD,4749.0,332.43,5081.43,2026-03-03T20:08:21.871228Z
184,46165,Allen Ltd,confirmed,EUR,1.79,0.36,2.15,2026-03-03T20:08:21.884607Z
185,24818,Moore PLC,paid,USD,2574.0,180.18,2754.18,2026-03-03T20:08:21.917036Z
186,54865,"Perry, Kelley and Cole",created,EUR,1452.04,290.41,1742.45,2026-03-03T20:08:22.655244Z
187,56037,Lara-Hernandez,confirmed,GBP,1103.72,220.74,1324.46,2026-03-03T20:08:23.663780Z
188,39017,Melendez-Allen,created,GBP,1044.0,208.8,1252.8,2026-03-03T20:08:23.825530Z
189,73364,"Hill, Johnston and Wilson",created,GBP,4778.05,955.61,5733.66,2026-03-03T20:08:22.641962Z
190,19776,Walton LLC,confirmed,USD,8358.0,585.06,8943.06,2026-03-03T20:08:23.680392Z
191,79146,"Savage, Palmer and Thomas",confirmed,EUR,0.93,0.19,1.12,2026-03-03T20:08:22.636413Z
192,58933,Miller-Parker,paid,GBP,1.76,0.35,2.11,2026-03-03T20:08:22.638714Z
193,83635,Mercado-Hines,invoiced,USD,5964.51,417.52,6382.03,2026-03-03T20:08:22.696532Z
194,88983,Perkins LLC,created,GBP,2189.12,437.82,2626.94,2026-03-03T20:08:22.777460Z
195,88055,Williams-Gonzalez,paid,GBP,41548.12,8309.62,49857.74,2026-03-03T20:08:22.796436Z
196,95118,"Dawson, Marquez and Norton",confirmed,EUR,0.32,0.06,0.38,2026-03-03T20:08:22.718759Z
197,80762,Anderson Inc,confirmed,GBP,1.28,0.26,1.54,2026-03-03T20:08:22.802517Z
198,16944,"Dawson, Garcia and Manning",confirmed,USD,0.64,0.04,0.68,2026-03-03T20:08:24.615352Z
199,55120,"Long, Hill and Marquez",paid,GBP,11144.0,2228.8,13372.8,2026-03-03T20:08:22.899092Z
200,15978,Navarro Inc,created,USD,0.53,0.04,0.57,2026-03-03T20:08:22.852871Z
201,18795,"Nguyen, Smith and Campbell",paid,USD,1884.44,131.91,2016.35,2026-03-03T20:08:23.672569Z
202,60533,"Harrison, Marks and Gonzalez",paid,GBP,0.49,0.1,0.59,2026-03-03T20:08:23.668649Z
203,21895,Wilkinson PLC,created,USD,1.6,0.11,1.71,2026-03-03T20:08:24.735643Z
204,62023,Buckley and Sons,confirmed,GBP,3367.39,673.48,4040.87,2026-03-03T20:08:23.649828Z
205,66939,Ramsey-Herrera,paid,GBP,39739.0,7947.8,47686.8,2026-03-03T20:08:23.633263Z
206,11133,Torres Ltd,paid,USD,377.02,26.39,403.41,2026-03-03T20:08:24.798655Z
207,76319,"Caldwell, Castaneda and Walker",invoiced,GBP,1.03,0.21,1.24,2026-03-03T20:08:23.749692Z
208,46577,"Norman, Brown and Salinas",confirmed,USD,28254.0,1977.78,30231.78,2026-03-03T20:08:23.757576Z
209,83012,"Johnson, Sheppard and Mitchell",created,USD,261.53,18.31,279.84,2026-03-03T20:08:23.754122Z
210,60423,Becker Ltd,invoiced,USD,15181.0,1062.67,16243.67,2026-03-03T20:08:23.746081Z
211,84042,Yang-Smith,paid,GBP,17161.26,3432.25,20593.51,2026-03-03T20:08:23.731708Z
212,61938,"Haas, Thornton and Brown",created,GBP,1363.76,272.75,1636.51,2026-03-03T20:08:23.770920Z
213,29942,Robinson-Smith,invoiced,EUR,38352.7,7670.54,46023.24,2026-03-03T20:08:23.880401Z
214,77801,"Kelly, Evans and Fernandez",paid,EUR,3.27,0.65,3.92,2026-03-03T20:08:23.865535Z
215,15773,"Ellison, Garcia and Mitchell",paid,GBP,2.72,0.54,3.26,2026-03-03T20:08:23.905098Z
216,37223,"Lopez, Castillo and Smith",confirmed,EUR,0.18,0.04,0.22,2026-03-03T20:08:24.602678Z
217,47569,Lopez Ltd,paid,EUR,13732.06,2746.41,16478.47,2026-03-03T20:08:24.667708Z
218,49369,Rodriguez PLC,confirmed,GBP,7191.4,1438.28,8629.68,2026-03-03T20:08:24.600161Z
219,93549,Rose-Murphy,confirmed,EUR,8955.68,1791.14,10746.82,2026-03-03T20:08:24.677412Z
220,40540,"Wright, Hill and Morales",confirmed,GBP,30.37,6.07,36.44,2026-03-03T20:08:24.632443Z
221,42173,Davis-Ramirez,paid,GBP,1.3,0.26,1.56,2026-03-03T20:08:24.690189Z
222,24142,Campbell Inc,paid,USD,35957.49,2517.02,38474.51,2026-03-03T20:08:25.748808Z
223,53529,Gonzales-Myers,confirmed,USD,29563.74,2069.46,31633.2,2026-03-03T20:08:24.674756Z
224,18360,Marshall PLC,paid,EUR,611.96,122.39,734.35,2026-03-03T20:08:24.703947Z
225,41389,Luna PLC,created,GBP,37520.0,7504.0,45024.0,2026-03-03T20:08:24.721427Z
226,73445,Gates PLC,created,USD,0.21,0.01,0.22,2026-03-03T20:08:24.754491Z
227,62305,"Wood, Griffin and Allen",confirmed,GBP,0.01,0.0,0.01,2026-03-03T20:08:24.788547Z
228,96057,Berry and Sons,created,EUR,3.76,0.75,4.51,2026-03-03T20:08:24.770896Z
229,79311,Perez PLC,paid,GBP,1219.35,243.87,1463.22,2026-03-03T20:08:24.796249Z
230,31210,Bryan-Hardy,paid,GBP,0.16,0.03,0.19,2026-03-03T20:08:24.837948Z
231,12856,Carson LLC,invoiced,USD,4179.07,292.53,4471.6,2026-03-03T20:08:25.622063Z
232,46833,Hall Inc,invoiced,USD,23970.0,1677.9,25647.9,2026-03-03T20:08:25.689062Z
233,99453,"Thompson, Hall and Horn",invoiced,USD,25224.0,1765.68,26989.68,2026-03-03T20:08:25.628845Z
234,54807,Glenn-Hodge,invoiced,USD,2.24,0.16,2.4,2026-03-03T20:08:25.683685Z
235,55458,"Robertson, Johnson and Jones",paid,EUR,0.09,0.02,0.11,2026-03-03T20:08:25.669072Z
236,98243,Simpson-Oconnor,invoiced,GBP,0.19,0.04,0.23,2026-03-03T20:08:25.624828Z
237,91595,Stein-Cordova,paid,EUR,29450.0,5890.0,35340.0,2026-03-03T20:08:25.637687Z
238,58644,Graham Ltd,created,GBP,0.18,0.04,0.22,2026-03-03T20:08:25.643974Z
239,25560,Carey and Sons,confirmed,EUR,638.0,127.6,765.6,2026-03-03T20:08:25.610920Z
240,90793,Johnson LLC,paid,EUR,1.15,0.23,1.38,2026-03-03T20:08:25.757236Z
241,79960,Gomez Ltd,created,USD,0.07,0.0,0.07,2026-03-03T20:08:25.751953Z
242,53955,Crawford PLC,invoiced,GBP,38355.11,7671.02,46026.13,2026-03-03T20:08:25.717413Z
243,78901,Coleman-Hayes,paid,USD,1162.11,81.35,1243.46,2026-03-03T20:08:25.768462Z
244,99140,Reyes-Riley,confirmed,EUR,2574.0,514.8,3088.8,2026-03-03T20:08:25.725195Z
245,26491,Ruiz-Hayes,invoiced,GBP,4.79,0.96,5.75,2026-03-03T20:08:25.709423Z
246,17899,"Hughes, Kelly and Simon",confirmed,USD,1.31,0.09,1.4,2026-03-03T20:08:25.745034Z
247,70064,Smith-Grimes,created,USD,101.36,7.1,108.46,2026-03-03T20:08:25.780384Z
248,64518,"Howe, Woods and Harris",created,USD,5737.09,401.6,6138.69,2026-03-03T20:08:26.636108Z
249,45532,"Gates, Ramirez and Harper",paid,USD,38132.0,2669.24,40801.24,2026-03-03T20:08:26.632504Z
250,60797,Fitzpatrick-Hart,confirmed,GBP,2.23,0.45,2.68,2026-03-03T20:08:26.697542Z
251,68298,"Reyes, Lane and Bryant",invoiced,USD,1.89,0.13,2.02,2026-03-03T20:08:26.667667Z
252,91512,Huber LLC,invoiced,USD,2772.0,194.04,2966.04,2026-03-03T20:08:26.693858Z
253,80542,"James, Glenn and Delgado",paid,USD,29.0,2.03,31.03,2026-03-03T20:08:27.819103Z
254,59126,"King, Stanley and Robinson",confirmed,USD,9634.0,674.38,10308.38,2026-03-03T20:08:26.608381Z
255,17248,Davidson-Pope,paid,USD,8362.0,585.34,8947.34,2026-03-03T20:08:26.619825Z
256,74074,Reynolds-Brooks,invoiced,USD,2772.0,194.04,2966.04,2026-03-03T20:08:26.656308Z
257,51558,Garcia-Schmidt,confirmed,EUR,4754.0,950.8,5704.8,2026-03-03T20:08:26.658620Z
258,95676,Moore PLC,created,EUR,43614.84,8722.97,52337.81,2026-03-03T20:08:28.678535Z
259,15185,"Davis, Carlson and Snyder",confirmed,USD,2475.0,173.25,2648.25,2026-03-03T20:08:27.869545Z
260,37613,Hurley PLC,invoiced,USD,2.64,0.18,2.82,2026-03-03T20:08:26.776542Z
261,66804,Thompson Inc,invoiced,USD,0.67,0.05,0.72,2026-03-03T20:08:26.722102Z
262,51051,"Ortiz, Cooper and Allison",confirmed,USD,1.2,0.08,1.28,2026-03-03T20:08:26.799503Z
263,66027,Munoz-Waters,confirmed,USD,377.0,26.39,403.39,2026-03-03T20:08:26.737084Z
264,91512,"Carter, Lee and Jackson",created,EUR,1.04,0.21,1.25,2026-03-03T20:08:26.750057Z
265,61411,Calderon-Webb,paid,GBP,0.9,0.18,1.08,2026-03-03T20:08:26.753697Z
266,19148,"Maldonado, Garcia and Rojas",confirmed,GBP,26368.89,5273.78,31642.67,2026-03-03T20:08:27.692852Z
267,35910,Wallace LLC,invoiced,EUR,696.29,139.26,835.55,2026-03-03T20:08:28.791950Z
268,80046,"Flores, Harrington and Kirby",confirmed,EUR,2325.0,465.0,2790.0,2026-03-03T20:08:27.605344Z
269,15227,Dyer PLC,confirmed,EUR,1.24,0.25,1.49,2026-03-03T20:08:27.619558Z
270,33513,Li-Cross,confirmed,USD,4975.0,348.25,5323.25,2026-03-03T20:08:27.598388Z
271,73382,"Kelly, Rhodes and Watson",paid,EUR,1683.4,336.68,2020.08,2026-03-03T20:08:27.601243Z
272,72501,Brown-Rich,paid,GBP,5774.84,1154.97,6929.81,2026-03-03T20:08:28.772961Z
273,35173,"Schultz, Allen and Simon",invoiced,USD,3981.56,278.71,4260.27,2026-03-03T20:08:27.714536Z
274,28937,Wood-Williams,paid,EUR,40240.83,8048.17,48289.0,2026-03-03T20:08:27.734560Z
275,26271,"Blair, Grant and Flores",created,GBP,4976.24,995.25,5971.49,2026-03-03T20:08:27.743312Z
276,58881,Gonzalez LLC,confirmed,EUR,0.46,0.09,0.55,2026-03-03T20:08:27.731023Z
277,21686,Robinson Inc,invoiced,USD,726.12,50.83,776.95,2026-03-03T20:08:29.604624Z
278,48473,Ramirez-Washington,invoiced,EUR,12784.39,2556.88,15341.27,2026-03-03T20:08:27.794849Z
279,63797,Cobb-Williams,invoiced,GBP,1683.0,336.6,2019.6,2026-03-03T20:08:27.852180Z
280,50577,Rios-Merritt,created,USD,594.8,41.64,636.44,2026-03-03T20:08:27.871968Z
281,12601,King-Griffin,invoiced,EUR,8756.0,1751.2,10507.2,2026-03-03T20:08:27.854365Z
282,98043,Case Group,confirmed,GBP,39152.03,7830.41,46982.44,2026-03-03T20:08:28.670300Z
283,12727,York LLC,paid,EUR,2475.0,495.0,2970.0,2026-03-03T20:08:28.655395Z
284,14302,Wood-Berg,paid,EUR,2179.2,435.84,2615.04,2026-03-03T20:08:28.622382Z
285,86127,Hughes-Willis,paid,GBP,4577.83,915.57,5493.4,2026-03-03T20:08:28.675887Z
286,74462,Stewart Inc,created,USD,0.61,0.04,0.65,2026-03-03T20:08:28.672640Z
287,82875,Edwards Inc,paid,GBP,6568.35,1313.67,7882.02,2026-03-03T20:08:28.616982Z
288,46865,Norton-Castillo,confirmed,USD,0.09,0.01,0.1,2026-03-03T20:08:28.738559Z
289,45682,"Lopez, Ramos and Logan",created,USD,1.28,0.09,1.37,2026-03-03T20:08:30.678509Z
290,81132,Beard-Watkins,confirmed,GBP,2376.0,475.2,2851.2,2026-03-03T20:08:28.746137Z
291,96302,Gross-Rowland,created,USD,0.41,0.03,0.44,2026-03-03T20:08:28.763160Z
292,28971,Hernandez-Hood,paid,EUR,2.72,0.54,3.26,2026-03-03T20:08:30.676067Z
293,72597,Wilson-Mason,created,USD,1.15,0.08,1.23,2026-03-03T20:08:28.760948Z
294,33077,Washington and Sons,paid,EUR,3592.8,718.56,4311.36,2026-03-03T20:08:28.827056Z
295,46984,"Harrison, French and Matthews",paid,USD,1073.0,75.11,1148.11,2026-03-03T20:08:28.809132Z
296,19576,Watson-Shelton,confirmed,GBP,1247.9,249.58,1497.48,2026-03-03T20:08:30.619902Z
297,78870,Goodman-Bird,created,EUR,7363.16,1472.63,8835.79,2026-03-03T20:08:29.692710Z
298,36975,"Holland, White and White",confirmed,GBP,11821.96,2364.39,14186.35,2026-03-03T20:08:29.678064Z
299,57720,"Cortez, Smith and Kline",paid,GBP,1161.46,232.29,1393.75,2026-03-03T20:08:29.697171Z
300,88341,Cooper-Smith,created,GBP,7960.0,1592.0,9552.0,2026-03-03T20:08:29.602523Z
301,62263,"Lloyd, Snyder and Stevens",created,USD,2871.0,200.97,3071.97,2026-03-03T20:08:29.687516Z
302,83071,"Oneill, Russell and Ayers",confirmed,EUR,15612.0,3122.4,18734.4,2026-03-03T20:08:29.649055Z
303,14149,Novak and Sons,created,USD,2786.0,195.02,2981.02,2026-03-03T20:08:29.736251Z
304,27547,Simmons Group,confirmed,USD,0.41,0.03,0.44,2026-03-03T20:08:29.673611Z
305,33932,"Knight, Welch and Campbell",created,EUR,7363.0,1472.6,8835.6,2026-03-03T20:08:29.738324Z
306,66339,"French, Ramirez and Hanson",invoiced,EUR,15669.0,3133.8,18802.8,2026-03-03T20:08:29.745891Z
307,93588,"Turner, Schwartz and Meyer",invoiced,USD,2277.2,159.4,2436.6,2026-03-03T20:08:29.793177Z
308,34560,Rasmussen LLC,paid,EUR,2683.07,536.61,3219.68,2026-03-03T20:08:31.670217Z
309,18316,Smith-Gonzalez,confirmed,EUR,1450.18,290.04,1740.22,2026-03-03T20:08:31.664588Z
310,82227,Lopez LLC,paid,EUR,11921.0,2384.2,14305.2,2026-03-03T20:08:29.768071Z
311,44670,Hardy-Mata,paid,USD,4950.0,346.5,5296.5,2026-03-03T20:08:33.673188Z
312,95247,Douglas Inc,confirmed,EUR,348.0,69.6,417.6,2026-03-03T20:08:29.825525Z
313,84003,Montes Group,invoiced,USD,39152.2,2740.65,41892.85,2026-03-03T20:08:29.861723Z
314,35746,Rodriguez-Smith,paid,GBP,27965.24,5593.05,33558.29,2026-03-03T20:08:30.599613Z
315,63734,"Gutierrez, Smith and Silva",invoiced,EUR,3564.0,712.8,4276.8,2026-03-03T20:08:30.632857Z
316,13457,Shepherd Inc,paid,GBP,1.0,0.2,1.2,2026-03-03T20:08:31.779181Z
317,70581,Bush Group,invoiced,EUR,24769.77,4953.95,29723.72,2026-03-03T20:08:30.630669Z
318,95723,Gibson Group,paid,USD,1234.14,86.39,1320.53,2026-03-03T20:08:30.746949Z
319,33322,Mccormick PLC,created,EUR,20774.98,4155.0,24929.98,2026-03-03T20:08:30.768897Z
320,68396,"Soto, Kim and Morris",confirmed,GBP,757.28,151.46,908.74,2026-03-03T20:08:30.736539Z
321,46105,Martinez-Hoffman,invoiced,EUR,4.99,1.0,5.99,2026-03-03T20:08:30.689098Z
322,65034,Brown LLC,invoiced,USD,1952.0,136.64,2088.64,2026-03-03T20:08:30.787089Z
323,24629,Dean Inc,paid,EUR,4752.0,950.4,5702.4,2026-03-03T20:08:30.783782Z
324,87344,Moran Ltd,created,GBP,5074.15,1014.83,6088.98,2026-03-03T20:08:32.681258Z
325,82188,Elliott Ltd,confirmed,EUR,7255.0,1451.0,8706.0,2026-03-03T20:08:30.798364Z
326,23689,Parker-Ballard,created,EUR,6461.0,1292.2,7753.2,2026-03-03T20:08:30.855273Z
327,17714,"Wallace, Oconnor and Rodgers",created,EUR,4975.0,995.0,5970.0,2026-03-03T20:08:30.878686Z
328,94157,"Mullins, Owens and Webster",paid,USD,0.16,0.01,0.17,2026-03-03T20:08:30.931236Z
329,72362,Hunt-Walker,created,USD,1.84,0.13,1.97,2026-03-03T20:08:31.667094Z
330,90903,Michael Group,invoiced,EUR,872.94,174.59,1047.53,2026-03-03T20:08:31.635159Z
331,52089,Wright Ltd,paid,GBP,61888.0,12377.6,74265.6,2026-03-03T20:08:31.662315Z
332,42615,"Rice, Riley and Haynes",invoiced,EUR,17582.15,3516.43,21098.58,2026-03-03T20:08:31.656485Z
333,82723,Gomez-Bird,paid,EUR,1.07,0.21,1.28,2026-03-03T20:08:31.629655Z
334,42304,"Hogan, James and Anderson",confirmed,EUR,1287.0,257.4,1544.4,2026-03-03T20:08:31.687475Z
335,28946,Ingram PLC,invoiced,USD,2871.0,200.97,3071.97,2026-03-03T20:08:31.765572Z
336,10829,"Ferguson, Lee and Weaver",created,EUR,0.18,0.04,0.22,2026-03-03T20:08:31.763375Z
337,36458,Combs-Ward,created,EUR,1.27,0.25,1.52,2026-03-03T20:08:31.753018Z
338,24356,Ramirez-Crawford,created,EUR,3.2,0.64,3.84,2026-03-03T20:08:31.747376Z
339,28512,"Martinez, Johnson and Mccoy",invoiced,EUR,3995.29,799.06,4794.35,2026-03-03T20:08:31.789692Z
340,62428,"Davis, Rice and Marsh",paid,USD,1683.37,117.84,1801.21,2026-03-03T20:08:31.749505Z
341,86324,Bradley-Hernandez,invoiced,EUR,0.44,0.09,0.53,2026-03-03T20:08:31.756831Z
342,25831,Silva Inc,created,EUR,1981.01,396.2,2377.21,2026-03-03T20:08:31.818053Z
343,34582,Hodges-Glass,paid,USD,465.76,32.6,498.36,2026-03-03T20:08:32.661973Z
344,59319,Garcia-Wu,paid,EUR,9328.23,1865.65,11193.88,2026-03-03T20:08:32.695399Z
345,47375,Martin Group,invoiced,GBP,2.4,0.48,2.88,2026-03-03T20:08:32.679093Z
346,83401,Franklin PLC,paid,EUR,0.17,0.03,0.2,2026-03-03T20:08:32.673579Z
347,55907,"Harrison, Oneal and Simpson",invoiced,EUR,66317.0,13263.4,79580.4,2026-03-03T20:08:32.666683Z
348,51748,Clark Group,confirmed,USD,5.52,0.39,5.91,2026-03-03T20:08:32.612447Z
349,63714,"Patterson, Mcgee and Elliott",paid,GBP,4975.0,995.0,5970.0,2026-03-03T20:08:32.614702Z
350,57567,Morales Ltd,confirmed,EUR,7990.0,1598.0,9588.0,2026-03-03T20:08:32.649418Z
351,89968,"Reed, Chandler and Flores",paid,GBP,6393.44,1278.69,7672.13,2026-03-03T20:08:32.683978Z
352,47270,Harmon Ltd,invoiced,GBP,3.04,0.61,3.65,2026-03-03T20:08:32.686937Z
353,22786,Bennett Ltd,confirmed,GBP,6771.13,1354.23,8125.36,2026-03-03T20:08:32.792580Z
354,38033,Miller Inc,confirmed,GBP,1.15,0.23,1.38,2026-03-03T20:08:32.718481Z
355,30861,Jensen LLC,created,EUR,0.27,0.05,0.32,2026-03-03T20:08:32.787885Z
356,95184,Ruiz LLC,confirmed,USD,17578.0,1230.46,18808.46,2026-03-03T20:08:32.731744Z
357,34122,Boyle-Brown,confirmed,GBP,3781.98,756.4,4538.38,2026-03-03T20:08:32.818825Z
358,41411,Myers LLC,invoiced,EUR,0.48,0.1,0.58,2026-03-03T20:08:32.828512Z
359,22195,"Powell, Henry and Elliott",invoiced,EUR,2475.0,495.0,2970.0,2026-03-03T20:08:32.754496Z
360,40225,Sanchez-Stanley,created,USD,5771.02,403.97,6174.99,2026-03-03T20:08:33.628090Z
361,90661,Curry Group,paid,USD,3.14,0.22,3.36,2026-03-03T20:08:33.650835Z
362,78755,"Bishop, Diaz and Sanchez",created,GBP,1.62,0.32,1.94,2026-03-03T20:08:33.655176Z
363,32289,Herrera LLC,created,GBP,8789.0,1757.8,10546.8,2026-03-03T20:08:33.648179Z
364,10327,Jimenez Inc,paid,EUR,1392.22,278.44,1670.66,2026-03-03T20:08:34.762317Z
365,98687,Bradshaw-Hines,confirmed,EUR,44003.44,8800.69,52804.13,2026-03-03T20:08:33.608358Z
366,19034,Sharp-Martinez,paid,USD,580.0,40.6,620.6,2026-03-03T20:08:33.705338Z
367,14523,"Holt, Freeman and Mccullough",paid,EUR,993.49,198.7,1192.19,2026-03-03T20:08:33.686280Z
368,72485,"Williams, Gonzalez and Fischer",confirmed,EUR,34126.56,6825.31,40951.87,2026-03-03T20:08:33.680620Z
369,58022,Fry-Allen,created,EUR,0.71,0.14,0.85,2026-03-03T20:08:33.676352Z
370,26287,"Greer, Carrillo and Vargas",created,USD,9950.24,696.52,10646.76,2026-03-03T20:08:33.702290Z
371,50722,"Perry, Carr and Schmitt",confirmed,EUR,1.97,0.39,2.36,2026-03-03T20:08:33.720149Z
372,25363,"Zavala, Mcgee and Allen",created,GBP,23970.0,4794.0,28764.0,2026-03-03T20:08:33.716974Z
373,14461,Khan Ltd,confirmed,USD,1.94,0.14,2.08,2026-03-03T20:08:33.787951Z
374,53465,Higgins and Sons,invoiced,USD,10791.0,755.37,11546.37,2026-03-03T20:08:33.833669Z
375,40633,Wright-Kim,paid,USD,41435.29,2900.47,44335.76,2026-03-03T20:08:33.811162Z
376,98117,"Cortez, Ruiz and Martin",confirmed,GBP,4378.45,875.69,5254.14,2026-03-03T20:08:33.784364Z
377,41543,"Davis, Oconnell and Miller",paid,USD,597.24,41.81,639.05,2026-03-03T20:08:34.646648Z
378,12979,Erickson-Haynes,confirmed,EUR,6.53,1.31,7.84,2026-03-03T20:08:34.637616Z
379,14090,Ryan LLC,paid,GBP,1.04,0.21,1.25,2026-03-03T20:08:34.649376Z
380,27390,Casey-Russell,paid,EUR,9688.0,1937.6,11625.6,2026-03-03T20:08:34.606876Z
381,72834,Beltran-Johnson,created,USD,43493.0,3044.51,46537.51,2026-03-03T20:08:34.655085Z
382,17430,Taylor-Perez,invoiced,USD,32557.0,2278.99,34835.99,2026-03-03T20:08:34.695095Z
383,77658,"Powell, Hall and Rodriguez",invoiced,GBP,39127.98,7825.6,46953.58,2026-03-03T20:08:34.688807Z
384,94478,Williams-Patel,confirmed,GBP,1.52,0.3,1.82,2026-03-03T20:08:34.691466Z
385,18517,Foster-Parker,invoiced,EUR,12784.8,2556.96,15341.76,2026-03-03T20:08:35.767966Z
386,91521,Watts-Herrera,invoiced,GBP,3.04,0.61,3.65,2026-03-03T20:08:34.731808Z
387,67697,Williams and Sons,confirmed,GBP,7764.04,1552.81,9316.85,2026-03-03T20:08:34.708797Z
388,58341,Cox-Meyers,created,USD,1508.0,105.56,1613.56,2026-03-03T20:08:34.785191Z
389,97671,"Bell, Bauer and Stephens",created,USD,1451.12,101.58,1552.7,2026-03-03T20:08:34.705869Z
390,84367,"Davis, Hicks and Haas",confirmed,GBP,8308.32,1661.66,9969.98,2026-03-03T20:08:34.744937Z
391,74594,Haley Ltd,invoiced,GBP,3115.32,623.06,3738.38,2026-03-03T20:08:34.845335Z
392,90645,Stevens-Trujillo,paid,EUR,58.0,11.6,69.6,2026-03-03T20:08:34.847922Z
393,59007,Jackson-Smith,paid,USD,9604.0,672.28,10276.28,2026-03-03T20:08:34.852517Z
394,41275,Bell and Sons,paid,GBP,8880.0,1776.0,10656.0,2026-03-03T20:08:35.615952Z
395,58585,Smith-Martinez,invoiced,EUR,1.56,0.31,1.87,2026-03-03T20:08:35.676375Z
396,16615,Rios-Hawkins,invoiced,GBP,901.21,180.24,1081.45,2026-03-03T20:08:37.623826Z
397,25820,Foster Ltd,created,USD,3.84,0.27,4.11,2026-03-03T20:08:35.652931Z
398,63151,Young-West,paid,EUR,39952.61,7990.52,47943.13,2026-03-03T20:08:35.637311Z
399,14617,Dawson Inc,paid,USD,871.0,60.97,931.97,2026-03-03T20:08:35.613771Z
400,50329,"King, Hess and Knight",invoiced,EUR,3.12,0.62,3.74,2026-03-03T20:08:35.631528Z
401,75232,Patterson LLC,paid,GBP,4.08,0.82,4.9,2026-03-03T20:08:35.622571Z
402,74180,Benson Group,invoiced,USD,3.83,0.27,4.1,2026-03-03T20:08:35.619314Z
403,42721,"Peterson, Mueller and Hurst",created,USD,29.0,2.03,31.03,2026-03-03T20:08:35.726513Z
404,21461,Macdonald-Holmes,paid,EUR,1394.84,278.97,1673.81,2026-03-03T20:08:35.706469Z
405,15705,Coffey Ltd,created,EUR,595.77,119.15,714.92,2026-03-03T20:08:35.734569Z
406,65183,Bowers-Johnston,paid,GBP,2.19,0.44,2.63,2026-03-03T20:08:35.689283Z
407,96279,Calderon LLC,created,GBP,1218.0,243.6,1461.6,2026-03-03T20:08:35.703089Z
408,67726,Mcmahon-Young,created,GBP,1421.0,284.2,1705.2,2026-03-03T20:08:35.778214Z
409,77713,"Mendoza, Dunn and Barnes",paid,USD,1.84,0.13,1.97,2026-03-03T20:08:35.737394Z
410,29278,"Blanchard, Smith and Murphy",confirmed,EUR,1566.0,313.2,1879.2,2026-03-03T20:08:35.828031Z
411,38374,Murphy PLC,created,EUR,0.25,0.05,0.3,2026-03-03T20:08:36.642594Z
412,47681,"Mccormick, Rodriguez and Gonzalez",paid,GBP,14582.84,2916.57,17499.41,2026-03-03T20:08:36.618955Z
413,93640,White-Dunn,paid,GBP,9954.03,1990.81,11944.84,2026-03-03T20:08:36.662112Z
414,65363,Serrano-Lynch,invoiced,GBP,7363.21,1472.64,8835.85,2026-03-03T20:08:36.630307Z
415,54461,Hogan and Sons,invoiced,USD,8358.0,585.06,8943.06,2026-03-03T20:08:36.639495Z
416,43238,Porter PLC,confirmed,USD,0.54,0.04,0.58,2026-03-03T20:08:36.656407Z
417,88315,"Miller, Garner and Mitchell",paid,EUR,290.13,58.03,348.16,2026-03-03T20:08:36.637227Z
418,52282,Rodriguez-Thomas,confirmed,EUR,5593.0,1118.6,6711.6,2026-03-03T20:08:36.653976Z
419,91827,"Sharp, Anderson and Campbell",paid,USD,1308.92,91.62,1400.54,2026-03-03T20:08:36.609966Z
420,13452,"Harrington, Nelson and Davis",confirmed,GBP,1.07,0.21,1.28,2026-03-03T20:08:36.682429Z
421,95778,"Carr, Glenn and Snyder",confirmed,EUR,3168.0,633.6,3801.6,2026-03-03T20:08:36.754388Z
422,60587,Smith-Bonilla,confirmed,EUR,2476.97,495.39,2972.36,2026-03-03T20:08:36.724002Z
423,52338,Fernandez Ltd,paid,GBP,0.24,0.05,0.29,2026-03-03T20:08:36.758045Z
424,83607,Pham-Robbins,confirmed,USD,1453.28,101.73,1555.01,2026-03-03T20:08:36.791904Z
425,64921,Jackson Inc,paid,GBP,7650.56,1530.11,9180.67,2026-03-03T20:08:36.743780Z
426,31409,Cross-Bell,created,USD,15181.0,1062.67,16243.67,2026-03-03T20:08:36.721104Z
427,31452,"Ochoa, Pham and Williams",invoiced,USD,4776.0,334.32,5110.32,2026-03-03T20:08:38.681847Z
428,43411,Schmidt Inc,paid,EUR,41408.68,8281.74,49690.42,2026-03-03T20:08:36.789465Z
429,87923,Arellano LLC,confirmed,EUR,38352.0,7670.4,46022.4,2026-03-03T20:08:37.615287Z
430,45644,"Taylor, Moore and Lewis",invoiced,GBP,2.41,0.48,2.89,2026-03-03T20:08:37.691043Z
431,48325,Middleton Inc,confirmed,GBP,6369.35,1273.87,7643.22,2026-03-03T20:08:37.628040Z
432,86472,"Beck, Brown and Trujillo",confirmed,USD,5346.0,374.22,5720.22,2026-03-03T20:08:37.625559Z
433,36100,"Crawford, Williams and Montgomery",paid,USD,2476.93,173.39,2650.32,2026-03-03T20:08:37.687819Z
434,57430,Meyer Group,created,EUR,4455.8,891.16,5346.96,2026-03-03T20:08:37.613340Z
435,35269,"Tucker, Collins and Cunningham",created,GBP,2.58,0.52,3.1,2026-03-03T20:08:37.618485Z
436,60098,Osborne-Perez,created,GBP,3185.84,637.17,3823.01,2026-03-03T20:08:37.620901Z
437,79583,Garcia-Johnson,invoiced,EUR,21152.03,4230.41,25382.44,2026-03-03T20:08:37.676311Z
438,37270,"Johnston, Grimes and Yang",created,USD,1160.0,81.2,1241.2,2026-03-03T20:08:37.713290Z
439,62929,Collins-Nelson,created,EUR,0.29,0.06,0.35,2026-03-03T20:08:37.685398Z
440,26286,Flynn LLC,paid,EUR,3.42,0.68,4.1,2026-03-03T20:08:37.706738Z
441,33301,Benson-Austin,created,EUR,30501.0,6100.2,36601.2,2026-03-03T20:08:37.723871Z
442,58025,Bishop-Delacruz,created,EUR,2588.15,517.63,3105.78,2026-03-03T20:08:37.696351Z
443,26517,Fowler LLC,paid,GBP,0.85,0.17,1.02,2026-03-03T20:08:37.694062Z
444,50487,Smith-Washington,paid,EUR,0.53,0.11,0.64,2026-03-03T20:08:37.810919Z
445,82197,Wright-Long,paid,USD,1598.57,111.9,1710.47,2026-03-03T20:08:37.829749Z
446,72514,"Fleming, Williamson and Lewis",confirmed,USD,290.01,20.3,310.31,2026-03-03T20:08:38.700560Z
447,63873,"Fox, Harper and Jenkins",paid,EUR,0.18,0.04,0.22,2026-03-03T20:08:38.649797Z
448,46749,Wilson LLC,confirmed,USD,1.23,0.09,1.32,2026-03-03T20:08:38.694418Z
449,34967,Lee Group,invoiced,GBP,2.8,0.56,3.36,2026-03-03T20:08:38.609916Z
450,22627,Arroyo-Roberson,confirmed,GBP,407.6,81.52,489.12,2026-03-03T20:08:38.607733Z
451,15295,"Anderson, Navarro and Williams",invoiced,GBP,6965.0,1393.0,8358.0,2026-03-03T20:08:38.657781Z
452,54730,Douglas-Newton,paid,USD,13583.0,950.81,14533.81,2026-03-03T20:08:38.629644Z
453,41075,Ferguson-Wade,invoiced,EUR,16779.0,3355.8,20134.8,2026-03-03T20:08:38.642021Z
454,49732,"Burgess, Pearson and Nguyen",confirmed,EUR,4357.7,871.54,5229.24,2026-03-03T20:08:38.617029Z
455,13281,Foley-Serrano,paid,GBP,23171.0,4634.2,27805.2,2026-03-03T20:08:38.697058Z
456,68905,Graham-Bauer,created,USD,6969.0,487.83,7456.83,2026-03-03T20:08:38.752731Z
457,33936,Arnold-Stevens,invoiced,USD,986.43,69.05,1055.48,2026-03-03T20:08:38.769265Z
458,19342,"Schmidt, Jones and Joyce",invoiced,EUR,5971.84,1194.37,7166.21,2026-03-03T20:08:38.692102Z
459,95081,"Hernandez, Abbott and Smith",created,EUR,9354.32,1870.86,11225.18,2026-03-03T20:08:38.783964Z
460,49089,"Avila, Francis and Sanders",paid,USD,35955.46,2516.88,38472.34,2026-03-03T20:08:38.735794Z
461,51016,Hart PLC,invoiced,GBP,24593.36,4918.67,29512.03,2026-03-03T20:08:40.626002Z
462,87683,"Jones, Cervantes and Hughes",invoiced,GBP,2970.44,594.09,3564.53,2026-03-03T20:08:38.811248Z
463,36722,Spencer-Duran,confirmed,USD,9226.0,645.82,9871.82,2026-03-03T20:08:39.637406Z
464,45641,Kelley PLC,created,GBP,958.15,191.63,1149.78,2026-03-03T20:08:39.679896Z
465,35123,Brown Ltd,invoiced,EUR,39920.0,7984.0,47904.0,2026-03-03T20:08:39.634957Z
466,16921,Carter and Sons,created,USD,1191.72,83.42,1275.14,2026-03-03T20:08:39.641952Z
467,43092,Powell-Johnson,created,EUR,4160.8,832.16,4992.96,2026-03-03T20:08:39.673996Z
468,36863,Brown-Davis,invoiced,EUR,16779.37,3355.87,20135.24,2026-03-03T20:08:39.608654Z
469,44804,Wade-Butler,created,EUR,6338.56,1267.71,7606.27,2026-03-03T20:08:39.681895Z
470,15409,"Reed, Anderson and Nolan",created,USD,597.0,41.79,638.79,2026-03-03T20:08:39.677086Z
471,98857,Rios Ltd,invoiced,USD,1.99,0.14,2.13,2026-03-03T20:08:39.700611Z
472,30264,Mcneil Group,confirmed,USD,3383.0,236.81,3619.81,2026-03-03T20:08:41.686427Z
473,54083,Brown-Watson,confirmed,GBP,3660.0,732.0,4392.0,2026-03-03T20:08:39.789087Z
474,19125,Russell and Sons,created,GBP,43794.0,8758.8,52552.8,2026-03-03T20:08:39.764808Z
475,18497,Lara PLC,invoiced,GBP,0.37,0.07,0.44,2026-03-03T20:08:39.795322Z
476,75268,"Vargas, Maynard and Larson",confirmed,GBP,41141.0,8228.2,49369.2,2026-03-03T20:08:39.761161Z
477,90828,Villanueva-Turner,confirmed,USD,6415.0,449.05,6864.05,2026-03-03T20:08:39.813227Z
478,52840,Wilson Inc,invoiced,GBP,199.36,39.87,239.23,2026-03-03T20:08:39.801046Z
479,64280,"Rice, Rice and Golden",paid,USD,0.98,0.07,1.05,2026-03-03T20:08:39.809302Z
480,61491,"Sweeney, Carter and Beck",paid,GBP,667.0,133.4,800.4,2026-03-03T20:08:39.854999Z
481,98865,"Kennedy, Coleman and Taylor",invoiced,EUR,5262.0,1052.4,6314.4,2026-03-03T20:08:40.679444Z
482,78301,"Turner, Butler and Meyers",paid,EUR,1450.0,290.0,1740.0,2026-03-03T20:08:40.632415Z
483,79429,"Morton, Edwards and Miller",created,GBP,1450.0,290.0,1740.0,2026-03-03T20:08:40.612632Z
484,84960,Ramos Inc,invoiced,EUR,3366.78,673.36,4040.14,2026-03-03T20:08:40.623911Z
485,28343,Wolf Group,confirmed,GBP,10348.16,2069.63,12417.79,2026-03-03T20:08:40.673342Z
486,32601,Burns and Sons,confirmed,EUR,0.71,0.14,0.85,2026-03-03T20:08:40.687970Z
487,89028,Edwards-Donovan,confirmed,EUR,2398.03,479.61,2877.64,2026-03-03T20:08:40.681784Z
488,24700,"Swanson, Koch and Fox",invoiced,EUR,1.97,0.39,2.36,2026-03-03T20:08:40.634619Z
489,33551,"Reynolds, Beard and Hood",invoiced,USD,16167.0,1131.69,17298.69,2026-03-03T20:08:40.684719Z
490,72063,"Wells, Hansen and Bond",invoiced,EUR,8756.12,1751.22,10507.34,2026-03-03T20:08:40.720916Z
491,74960,Ruiz-Hines,paid,USD,4378.0,306.46,4684.46,2026-03-03T20:08:40.758267Z
492,90694,Berg LLC,created,EUR,3070.01,614.0,3684.01,2026-03-03T20:08:40.762051Z
493,43064,"Blackburn, Singleton and Willis",invoiced,EUR,4789.28,957.86,5747.14,2026-03-03T20:08:40.780025Z
494,92171,"Barker, Fields and Ware",invoiced,USD,3.16,0.22,3.38,2026-03-03T20:08:40.756185Z
495,99725,Lopez PLC,invoiced,USD,21573.0,1510.11,23083.11,2026-03-03T20:08:40.806174Z
496,69175,Martinez-Bauer,confirmed,EUR,5374.65,1074.93,6449.58,2026-03-03T20:08:40.830387Z
497,44368,"Bernard, Whitaker and Cook",invoiced,EUR,9753.01,1950.6,11703.61,2026-03-03T20:08:40.811317Z
498,73183,Carr-Wright,created,USD,0.67,0.05,0.72,2026-03-03T20:08:41.667209Z
499,24904,Christensen Group,created,EUR,13641.08,2728.22,16369.3,2026-03-03T20:08:41.620511Z
500,70503,"Lane, Scott and Avila",confirmed,USD,3233.0,226.31,3459.31,2026-03-03T20:08:41.675038Z
501,93810,Fuller-Allen,invoiced,USD,34357.0,2404.99,36761.99,2026-03-03T20:08:41.618464Z
502,76257,Jackson-Bell,created,GBP,9154.32,1830.86,10985.18,2026-03-03T20:08:41.689199Z
503,32408,Gomez and Sons,confirmed,GBP,4455.15,891.03,5346.18,2026-03-03T20:08:41.665386Z
504,70675,"Richardson, Smith and Franco",created,EUR,6044.0,1208.8,7252.8,2026-03-03T20:08:41.642359Z
505,29609,Richard-Ramirez,confirmed,EUR,23023.57,4604.71,27628.28,2026-03-03T20:08:41.692473Z
506,74274,Reyes-Perry,invoiced,GBP,41471.0,8294.2,49765.2,2026-03-03T20:08:41.653463Z
507,73197,"Johnston, Thomas and Rios",created,USD,1.91,0.13,2.04,2026-03-03T20:08:41.709440Z
508,81017,"Barnes, Jones and Green",invoiced,USD,11837.0,828.59,12665.59,2026-03-03T20:08:41.748198Z
509,65116,Pineda Ltd,paid,EUR,929.56,185.91,1115.47,2026-03-03T20:08:41.763237Z
510,99729,"Mitchell, Barnes and Rodriguez",paid,EUR,1.13,0.23,1.36,2026-03-03T20:08:41.766279Z
511,24216,Martinez-Sanchez,created,GBP,1.8,0.36,2.16,2026-03-03T20:08:41.743835Z
512,12488,Thomas-Preston,paid,GBP,1.33,0.27,1.6,2026-03-03T20:08:41.770946Z
513,12157,Anderson PLC,created,USD,377.0,26.39,403.39,2026-03-03T20:08:41.827781Z
514,56943,Chen and Sons,confirmed,GBP,8756.06,1751.21,10507.27,2026-03-03T20:08:41.745810Z
515,31584,Frye-Hardin,invoiced,GBP,693.0,138.6,831.6,2026-03-03T20:08:42.614381Z
516,41203,"Norton, Cunningham and Serrano",paid,EUR,2399.3,479.86,2879.16,2026-03-03T20:08:42.670368Z
517,66613,"Odom, Powell and Gonzalez",paid,USD,9751.35,682.59,10433.94,2026-03-03T20:08:42.710676Z
518,58720,"Kelly, Armstrong and Palmer",confirmed,EUR,6186.64,1237.33,7423.97,2026-03-03T20:08:42.640538Z
519,89095,Johnson-Rivera,paid,EUR,638.0,127.6,765.6,2026-03-03T20:08:42.620568Z
520,11781,Huynh Group,created,USD,33558.0,2349.06,35907.06,2026-03-03T20:08:42.624206Z
521,23086,Garrison LLC,invoiced,USD,5654.74,395.83,6050.57,2026-03-03T20:08:42.689025Z
522,20045,Hughes PLC,confirmed,EUR,1.79,0.36,2.15,2026-03-03T20:08:42.674407Z
523,99642,"Zuniga, Ballard and Bennett",paid,USD,1335.73,93.5,1429.23,2026-03-03T20:08:42.627250Z
524,39531,Ray Group,created,EUR,0.93,0.19,1.12,2026-03-03T20:08:42.657601Z
525,81511,Wells and Sons,paid,EUR,16779.14,3355.83,20134.97,2026-03-03T20:08:44.647737Z
526,30143,Lopez LLC,invoiced,GBP,5294.1,1058.82,6352.92,2026-03-03T20:08:42.693408Z
527,66844,Rhodes-Nunez,created,EUR,3383.27,676.65,4059.92,2026-03-03T20:08:42.740087Z
528,17434,"Torres, Salas and Freeman",paid,USD,119.92,8.39,128.31,2026-03-03T20:08:42.760365Z
529,95212,Manning and Sons,confirmed,EUR,2.73,0.55,3.28,2026-03-03T20:08:44.626654Z
530,53100,Francis PLC,paid,EUR,841.41,168.28,1009.69,2026-03-03T20:08:42.800060Z
531,99491,Chaney Group,paid,GBP,957.0,191.4,1148.4,2026-03-03T20:08:42.793237Z
532,37483,"Montgomery, Davis and Freeman",invoiced,GBP,522.0,104.4,626.4,2026-03-03T20:08:42.796695Z
533,59493,Vazquez LLC,confirmed,USD,1221.02,85.47,1306.49,2026-03-03T20:08:43.651422Z
534,65351,"Gonzalez, Black and Wright",invoiced,USD,37553.69,2628.76,40182.45,2026-03-03T20:08:43.636725Z
535,28451,Myers-Fitzpatrick,confirmed,USD,957.05,66.99,1024.04,2026-03-03T20:08:43.624645Z
536,35064,"Patel, Grimes and Smith",created,USD,1.76,0.12,1.88,2026-03-03T20:08:43.616480Z
537,68224,Walker Group,invoiced,EUR,1044.0,208.8,1252.8,2026-03-03T20:08:43.639999Z
538,45497,Williams-Ross,confirmed,GBP,1393.45,278.69,1672.14,2026-03-03T20:08:43.664222Z
539,48871,Potter Ltd,invoiced,EUR,12916.0,2583.2,15499.2,2026-03-03T20:08:43.609119Z
540,90368,"Barnett, Johnson and Flores",paid,EUR,6968.6,1393.72,8362.32,2026-03-03T20:08:43.688338Z
541,57016,Mcdonald and Sons,paid,EUR,7191.98,1438.4,8630.38,2026-03-03T20:08:43.678564Z
542,72988,Martin and Sons,confirmed,EUR,1287.05,257.41,1544.46,2026-03-03T20:08:43.754437Z
543,94141,Davis Ltd,confirmed,USD,4234.0,296.38,4530.38,2026-03-03T20:08:43.775165Z
544,97231,Rodriguez-Carr,invoiced,USD,5293.0,370.51,5663.51,2026-03-03T20:08:43.792971Z
545,38167,"Mcclain, Blackwell and Day",paid,USD,7949.0,556.43,8505.43,2026-03-03T20:08:43.708161Z
546,11857,Sanders-English,invoiced,GBP,5492.0,1098.4,6590.4,2026-03-03T20:08:43.737099Z
547,15944,Warner LLC,invoiced,GBP,48506.05,9701.21,58207.26,2026-03-03T20:08:43.733428Z
548,14428,Wagner and Sons,confirmed,USD,2.13,0.15,2.28,2026-03-03T20:08:43.818027Z
549,94868,Harrison Ltd,confirmed,USD,3168.0,221.76,3389.76,2026-03-03T20:08:43.814802Z
550,71858,Harris-Wood,created,EUR,0.11,0.02,0.13,2026-03-03T20:08:45.688422Z
551,77129,"Powers, Montoya and Smith",paid,GBP,60.96,12.19,73.15,2026-03-03T20:08:44.675805Z
552,12782,"Jones, Mason and Potter",invoiced,GBP,6766.0,1353.2,8119.2,2026-03-03T20:08:44.604991Z
553,71845,Gibson Group,confirmed,USD,5.44,0.38,5.82,2026-03-03T20:08:44.645476Z
554,77550,Thompson-Ward,created,GBP,9751.85,1950.37,11702.22,2026-03-03T20:08:44.663143Z
555,35342,Martin-Hoffman,paid,USD,2.42,0.17,2.59,2026-03-03T20:08:44.689045Z
556,71967,Lutz PLC,confirmed,USD,407.85,28.55,436.4,2026-03-03T20:08:44.610603Z
557,13232,"Garcia, Grant and Schroeder",created,USD,2.6,0.18,2.78,2026-03-03T20:08:44.684908Z
558,60674,Gardner-Stone,paid,EUR,38720.0,7744.0,46464.0,2026-03-03T20:08:44.707855Z
559,12034,"Mckee, Salinas and Riddle",confirmed,USD,0.13,0.01,0.14,2026-03-03T20:08:44.679362Z
560,93682,Alvarez Group,created,EUR,32788.45,6557.69,39346.14,2026-03-03T20:08:44.703954Z
561,87669,"Gonzalez, Castro and Gonzalez",paid,GBP,2.72,0.54,3.26,2026-03-03T20:08:44.791013Z
562,58451,"Melton, Khan and Wilson",created,GBP,7191.28,1438.26,8629.54,2026-03-03T20:08:44.730365Z
563,78418,"Booth, Turner and Smith",confirmed,GBP,57700.0,11540.0,69240.0,2026-03-03T20:08:44.807687Z
564,48184,Haynes Inc,created,EUR,7191.0,1438.2,8629.2,2026-03-03T20:08:44.804546Z
565,93162,Lang-Downs,created,GBP,0.08,0.02,0.1,2026-03-03T20:08:44.782621Z
566,73644,"Dorsey, Parker and Travis",invoiced,GBP,1044.28,208.86,1253.14,2026-03-03T20:08:44.778169Z
567,28644,Alvarez-Boyer,invoiced,GBP,4977.24,995.45,5972.69,2026-03-03T20:08:45.661629Z
568,23370,Medina Group,confirmed,GBP,198.0,39.6,237.6,2026-03-03T20:08:45.620123Z
569,91155,"Brown, Brown and Baker",created,USD,1195.98,83.72,1279.7,2026-03-03T20:08:45.668612Z
570,19993,Smith Inc,created,USD,11542.0,807.94,12349.94,2026-03-03T20:08:45.655634Z
571,30002,Delacruz-Montgomery,created,EUR,3862.2,772.44,4634.64,2026-03-03T20:08:45.658382Z
572,37953,Stark-Hill,confirmed,GBP,5771.0,1154.2,6925.2,2026-03-03T20:08:45.611510Z
573,95317,Bender-Brown,confirmed,EUR,3.14,0.63,3.77,2026-03-03T20:08:45.683848Z
574,50791,"Dunn, Garcia and Hall",confirmed,EUR,13731.0,2746.2,16477.2,2026-03-03T20:08:45.680546Z
575,49964,"Durham, Trujillo and Pennington",invoiced,EUR,0.32,0.06,0.38,2026-03-03T20:08:46.741759Z
576,87018,Gonzalez-Watkins,created,GBP,27167.97,5433.59,32601.56,2026-03-03T20:08:46.806099Z
577,61331,Miles-Peterson,paid,GBP,2.72,0.54,3.26,2026-03-03T20:08:45.763172Z
578,48042,Lambert Ltd,confirmed,GBP,2.56,0.51,3.07,2026-03-03T20:08:45.740568Z
579,51425,Colon-Bowen,confirmed,EUR,1.81,0.36,2.17,2026-03-03T20:08:45.765958Z
580,78639,"Phillips, Guerra and Faulkner",paid,USD,3.93,0.28,4.21,2026-03-03T20:08:45.753699Z
581,10906,Mitchell Group,created,EUR,0.45,0.09,0.54,2026-03-03T20:08:45.771937Z
582,36855,"Ewing, Randall and Greer",created,GBP,5174.0,1034.8,6208.8,2026-03-03T20:08:45.814532Z
583,80512,Roberts and Sons,created,USD,101.94,7.14,109.08,2026-03-03T20:08:45.756111Z
584,88071,"King, Jones and Phillips",invoiced,GBP,2.32,0.46,2.78,2026-03-03T20:08:46.665686Z
585,18181,Cortez and Sons,paid,GBP,1.03,0.21,1.24,2026-03-03T20:08:46.663454Z
586,45869,Wolf PLC,confirmed,GBP,0.7,0.14,0.84,2026-03-03T20:08:46.675037Z
587,52672,Pearson PLC,invoiced,GBP,0.46,0.09,0.55,2026-03-03T20:08:47.732652Z
588,62669,Robinson-Meadows,confirmed,USD,18493.12,1294.52,19787.64,2026-03-03T20:08:46.603206Z
589,25816,Schneider-Roberts,invoiced,GBP,1104.86,220.97,1325.83,2026-03-03T20:08:46.640947Z
590,13291,Ryan Group,invoiced,GBP,7566.37,1513.27,9079.64,2026-03-03T20:08:46.677520Z
591,81917,Hunter-Ramos,paid,USD,0.22,0.02,0.24,2026-03-03T20:08:46.693383Z
592,19519,Duffy-Martin,created,USD,1.68,0.12,1.8,2026-03-03T20:08:46.719659Z
593,51341,Cooper-Glover,invoiced,EUR,3196.0,639.2,3835.2,2026-03-03T20:08:46.760564Z
594,26484,Vega-Lee,paid,EUR,2986.7,597.34,3584.04,2026-03-03T20:08:46.795726Z
595,56613,Day-Simon,confirmed,EUR,1881.21,376.24,2257.45,2026-03-03T20:08:46.803749Z
596,62988,Pennington and Sons,invoiced,GBP,1683.0,336.6,2019.6,2026-03-03T20:08:48.689643Z
597,23307,Scott Inc,confirmed,USD,8755.0,612.85,9367.85,2026-03-03T20:08:46.756511Z
598,23038,"Quinn, Holmes and Conley",paid,GBP,0.4,0.08,0.48,2026-03-03T20:08:46.763814Z
599,14353,Martinez-Hamilton,confirmed,EUR,19941.0,3988.2,23929.2,2026-03-03T20:08:46.801493Z
600,44680,Chen-Hernandez,invoiced,GBP,0.2,0.04,0.24,2026-03-03T20:08:47.639516Z
601,35253,"Bradley, Navarro and Rodriguez",created,GBP,1.2,0.24,1.44,2026-03-03T20:08:47.657198Z
602,62596,Cook Ltd,created,GBP,0.23,0.05,0.28,2026-03-03T20:08:47.689037Z
603,31600,"Carroll, Griffin and Lane",confirmed,GBP,9753.48,1950.7,11704.18,2026-03-03T20:08:47.622290Z
604,18403,Pruitt LLC,invoiced,EUR,6965.0,1393.0,8358.0,2026-03-03T20:08:48.820023Z
605,32573,"Morse, Payne and Garcia",paid,GBP,398.0,79.6,477.6,2026-03-03T20:08:47.649945Z
606,17392,Wade-Keller,confirmed,USD,1.21,0.08,1.29,2026-03-03T20:08:47.682099Z
607,20252,Anderson Inc,invoiced,EUR,18377.4,3675.48,22052.88,2026-03-03T20:08:47.662305Z
608,27212,"Dyer, Mccarthy and Washington",created,EUR,4976.15,995.23,5971.38,2026-03-03T20:08:47.734896Z
609,92562,"Parker, Thompson and Holland",confirmed,GBP,4.1,0.82,4.92,2026-03-03T20:08:47.763775Z
610,68303,Parker-Ewing,invoiced,GBP,1.36,0.27,1.63,2026-03-03T20:08:47.756382Z
611,81255,Soto-Ashley,confirmed,USD,6759.6,473.17,7232.77,2026-03-03T20:08:47.761467Z
612,39506,Ayala PLC,paid,EUR,1015.44,203.09,1218.53,2026-03-03T20:08:47.750467Z
613,46338,French PLC,paid,GBP,31960.0,6392.0,38352.0,2026-03-03T20:08:47.769097Z
614,43272,Morrison and Sons,created,GBP,377.77,75.55,453.32,2026-03-03T20:08:47.776596Z
615,40287,Jones-Douglas,confirmed,USD,8789.0,615.23,9404.23,2026-03-03T20:08:49.666886Z
616,13497,"West, Montoya and White",created,EUR,0.21,0.04,0.25,2026-03-03T20:08:47.790175Z
617,72079,Salas-Flores,invoiced,USD,4794.0,335.58,5129.58,2026-03-03T20:08:48.664838Z
618,70260,"Vance, Alexander and Edwards",invoiced,EUR,1.27,0.25,1.52,2026-03-03T20:08:48.662422Z
619,76690,Singh Group,created,USD,0.71,0.05,0.76,2026-03-03T20:08:49.761905Z
620,39283,Romero-Franklin,created,GBP,1334.23,266.85,1601.08,2026-03-03T20:08:48.687300Z
621,51195,"Hanson, Howard and Pitts",confirmed,EUR,56722.0,11344.4,68066.4,2026-03-03T20:08:48.613340Z
622,48745,Pollard Group,invoiced,GBP,3718.0,743.6,4461.6,2026-03-03T20:08:48.668925Z
623,15930,Jackson-Brown,paid,USD,4554.0,318.78,4872.78,2026-03-03T20:08:49.707473Z
624,34798,Sanchez LLC,created,USD,3874.0,271.18,4145.18,2026-03-03T20:08:48.671455Z
625,63591,George-Velazquez,confirmed,GBP,39151.01,7830.2,46981.21,2026-03-03T20:08:48.801547Z
626,57903,Walker Ltd,invoiced,EUR,33559.54,6711.91,40271.45,2026-03-03T20:08:48.744817Z
627,42883,"Matthews, Martinez and Smith",confirmed,EUR,1.35,0.27,1.62,2026-03-03T20:08:48.805141Z
628,62088,Pierce Ltd,confirmed,EUR,2.74,0.55,3.29,2026-03-03T20:08:50.662918Z
629,17075,Burns-Frost,created,USD,9154.0,640.78,9794.78,2026-03-03T20:08:48.817417Z
630,69668,Middleton Inc,confirmed,EUR,9727.49,1945.5,11672.99,2026-03-03T20:08:48.840850Z
631,47120,Bradford-Thompson,confirmed,GBP,7205.0,1441.0,8646.0,2026-03-03T20:08:48.835089Z
632,58125,Arroyo Inc,paid,USD,4179.0,292.53,4471.53,2026-03-03T20:08:48.908036Z
633,15828,Mooney-Monroe,created,EUR,3184.0,636.8,3820.8,2026-03-03T20:08:49.620856Z
634,26742,Banks Inc,paid,EUR,6966.11,1393.22,8359.33,2026-03-03T20:08:49.699388Z
635,55298,Strickland-Matthews,created,GBP,2.24,0.45,2.69,2026-03-03T20:08:49.697028Z
636,36188,Thompson PLC,invoiced,GBP,3980.1,796.02,4776.12,2026-03-03T20:08:50.778788Z
637,74363,Adams and Sons,confirmed,USD,0.74,0.05,0.79,2026-03-03T20:08:49.686883Z
638,92719,Kennedy LLC,created,GBP,0.11,0.02,0.13,2026-03-03T20:08:49.618578Z
639,90515,Sutton-Thomas,paid,USD,1.84,0.13,1.97,2026-03-03T20:08:49.702188Z
640,12375,"Bryant, Brown and Wolf",invoiced,EUR,4.14,0.83,4.97,2026-03-03T20:08:49.710076Z
641,60102,Silva Group,paid,USD,40213.0,2814.91,43027.91,2026-03-03T20:08:49.764063Z
642,96567,Grimes-Wagner,invoiced,EUR,7990.0,1598.0,9588.0,2026-03-03T20:08:49.830817Z
643,82170,Gallagher-Peterson,paid,USD,3187.55,223.13,3410.68,2026-03-03T20:08:49.759736Z
644,73649,Reynolds-Rodriguez,created,USD,870.72,60.95,931.67,2026-03-03T20:08:49.838237Z
645,35842,"Hernandez, Parsons and Campbell",invoiced,USD,3.54,0.25,3.79,2026-03-03T20:08:49.855522Z
646,85061,"French, Simon and Gilbert",created,EUR,4472.0,894.4,5366.4,2026-03-03T20:08:51.649699Z
647,96321,"Reed, Jones and Reyes",invoiced,USD,15185.16,1062.96,16248.12,2026-03-03T20:08:49.781510Z
648,94148,Duncan PLC,invoiced,USD,3863.0,270.41,4133.41,2026-03-03T20:08:50.616529Z
649,57021,Kelly PLC,created,USD,5150.0,360.5,5510.5,2026-03-03T20:08:50.633210Z
650,51144,"Sutton, Beard and Cole",invoiced,USD,0.08,0.01,0.09,2026-03-03T20:08:50.608346Z
651,15724,"Anderson, Johnson and Holt",invoiced,GBP,524.68,104.94,629.62,2026-03-03T20:08:50.697499Z
652,28858,"Lane, Schmidt and Allison",confirmed,USD,7990.0,559.3,8549.3,2026-03-03T20:08:50.650255Z
653,74661,"Jackson, Camacho and Ramos",created,EUR,2935.0,587.0,3522.0,2026-03-03T20:08:50.614058Z
654,96487,"Cruz, Edwards and Fields",invoiced,GBP,177.12,35.42,212.54,2026-03-03T20:08:50.640727Z
655,14756,Mitchell Inc,confirmed,EUR,0.35,0.07,0.42,2026-03-03T20:08:51.835692Z
656,97242,"Jennings, Duncan and Williams",created,USD,33560.16,2349.21,35909.37,2026-03-03T20:08:51.828893Z
657,88005,Mccormick-Stewart,invoiced,USD,3186.78,223.07,3409.85,2026-03-03T20:08:50.763031Z
658,30037,Brown-Stone,invoiced,EUR,6836.2,1367.24,8203.44,2026-03-03T20:08:50.691966Z
659,48296,Lee-Malone,invoiced,USD,27967.43,1957.72,29925.15,2026-03-03T20:08:50.793452Z
660,12114,"Davidson, Gray and Rivers",invoiced,EUR,0.34,0.07,0.41,2026-03-03T20:08:50.726494Z
661,32905,Collins-Miller,invoiced,USD,20833.23,1458.33,22291.56,2026-03-03T20:08:50.785720Z
662,93177,Johnson LLC,created,USD,24769.0,1733.83,26502.83,2026-03-03T20:08:50.765528Z
663,90547,Ramos Ltd,paid,GBP,29565.02,5913.0,35478.02,2026-03-03T20:08:50.848734Z
664,77433,Mahoney-Garner,confirmed,EUR,2673.0,534.6,3207.6,2026-03-03T20:08:51.643511Z
665,78321,"Perez, Wallace and Perez",paid,GBP,1.68,0.34,2.02,2026-03-03T20:08:52.704028Z
666,69784,Hamilton-Mason,confirmed,GBP,348.78,69.76,418.54,2026-03-03T20:08:51.669167Z
667,23523,"Hamilton, Butler and Collins",confirmed,USD,43945.25,3076.17,47021.42,2026-03-03T20:08:51.664101Z
668,70558,Smith and Sons,paid,EUR,26367.0,5273.4,31640.4,2026-03-03T20:08:51.689655Z
669,49566,"Meyer, Schneider and Turner",created,EUR,0.98,0.2,1.18,2026-03-03T20:08:51.702000Z
670,84047,Mclaughlin-Gutierrez,confirmed,USD,2587.26,181.11,2768.37,2026-03-03T20:08:51.619272Z
671,87003,Wall Ltd,invoiced,GBP,6144.12,1228.82,7372.94,2026-03-03T20:08:51.747986Z
672,12332,Lewis and Sons,paid,EUR,6048.0,1209.6,7257.6,2026-03-03T20:08:51.797153Z
673,79432,Griffin-Lopez,paid,EUR,3995.0,799.0,4794.0,2026-03-03T20:08:51.713928Z
674,63199,Miller and Sons,confirmed,GBP,2080.07,416.01,2496.08,2026-03-03T20:08:51.804526Z
675,37071,Sullivan-Avery,paid,GBP,31174.08,6234.82,37408.9,2026-03-03T20:08:51.777507Z
676,13936,"Dean, Francis and Kelley",created,EUR,20774.78,4154.96,24929.74,2026-03-03T20:08:51.848920Z
677,92493,Schneider Ltd,confirmed,USD,5373.0,376.11,5749.11,2026-03-03T20:08:51.791478Z
678,24385,Smith-Fuentes,invoiced,EUR,2376.0,475.2,2851.2,2026-03-03T20:08:51.783325Z
679,95617,"Schmidt, Hughes and Gomez",confirmed,GBP,0.97,0.19,1.16,2026-03-03T20:08:52.611684Z
680,90278,York-Anderson,invoiced,EUR,0.25,0.05,0.3,2026-03-03T20:08:52.706501Z
681,64237,"Stewart, Lowery and Osborne",invoiced,EUR,3967.05,793.41,4760.46,2026-03-03T20:08:52.644189Z
682,79329,Gonzalez Inc,paid,EUR,22960.0,4592.0,27552.0,2026-03-03T20:08:52.638022Z
683,62098,Ramirez and Sons,paid,USD,1314.0,91.98,1405.98,2026-03-03T20:08:52.648033Z
684,60849,"Munoz, Galvan and Ryan",paid,GBP,0.74,0.15,0.89,2026-03-03T20:08:52.709584Z
685,49003,Sanchez LLC,confirmed,GBP,17580.16,3516.03,21096.19,2026-03-03T20:08:53.808895Z
686,78881,"Carter, Carter and Franco",invoiced,EUR,696.0,139.2,835.2,2026-03-03T20:08:52.680881Z
687,63164,Carson Group,invoiced,GBP,5644.68,1128.94,6773.62,2026-03-03T20:08:52.624808Z
688,45107,Montes-Wright,invoiced,EUR,1827.0,365.4,2192.4,2026-03-03T20:08:52.677850Z
689,89752,Shields Inc,created,EUR,176.33,35.27,211.6,2026-03-03T20:08:52.775144Z
690,52797,"Ford, White and Cortez",confirmed,GBP,26370.78,5274.16,31644.94,2026-03-03T20:08:52.740937Z
691,29672,Garcia LLC,invoiced,EUR,0.64,0.13,0.77,2026-03-03T20:08:52.744536Z
692,13108,"Giles, Anderson and Gibson",invoiced,USD,48504.0,3395.28,51899.28,2026-03-03T20:08:52.784676Z
693,73151,Perkins LLC,invoiced,EUR,6169.0,1233.8,7402.8,2026-03-03T20:08:52.799807Z
694,71670,Townsend-Garcia,created,USD,0.3,0.02,0.32,2026-03-03T20:08:52.777638Z
695,53440,"Sanchez, Atkins and Kelley",paid,GBP,1584.0,316.8,1900.8,2026-03-03T20:08:52.822042Z
696,31980,Hogan Ltd,paid,EUR,5375.05,1075.01,6450.06,2026-03-03T20:08:54.781845Z
697,27928,"Brown, Mejia and Fuentes",confirmed,EUR,12935.0,2587.0,15522.0,2026-03-03T20:08:53.676240Z
698,57386,Rangel-Gonzales,paid,GBP,34143.14,6828.63,40971.77,2026-03-03T20:08:53.618036Z
699,58107,Pruitt Ltd,invoiced,EUR,45408.0,9081.6,54489.6,2026-03-03T20:08:55.852918Z
700,31786,West and Sons,created,USD,24946.85,1746.28,26693.13,2026-03-03T20:08:53.645857Z
701,46645,Garcia-Buchanan,confirmed,EUR,4357.47,871.49,5228.96,2026-03-03T20:08:53.682388Z
702,24180,Johnson LLC,confirmed,EUR,9930.0,1986.0,11916.0,2026-03-03T20:08:53.685864Z
703,16570,Moore-Bonilla,paid,GBP,297.64,59.53,357.17,2026-03-03T20:08:53.703509Z
704,91609,Robbins-Knight,created,USD,1334.17,93.39,1427.56,2026-03-03T20:08:53.689410Z
705,44004,Phillips Ltd,created,GBP,594.2,118.84,713.04,2026-03-03T20:08:53.752875Z
706,91869,Alvarado-Moss,created,EUR,15324.2,3064.84,18389.04,2026-03-03T20:08:53.794987Z
707,12312,"Chen, Rogers and Goodman",paid,EUR,1194.82,238.96,1433.78,2026-03-03T20:08:53.759258Z
708,26306,"Decker, Newman and Carter",confirmed,USD,1.76,0.12,1.88,2026-03-03T20:08:53.775220Z
709,80013,"Adams, Wright and Jackson",paid,EUR,796.0,159.2,955.2,2026-03-03T20:08:55.662067Z
710,59883,"Hawkins, Vazquez and Gonzales",created,EUR,174.0,34.8,208.8,2026-03-03T20:08:53.766290Z
711,90576,Long-Coleman,created,GBP,2475.0,495.0,2970.0,2026-03-03T20:08:53.778826Z
712,48209,"Porter, Miller and Simmons",paid,GBP,0.2,0.04,0.24,2026-03-03T20:08:53.890980Z
713,61131,"Mitchell, Mendoza and Powell",created,EUR,0.16,0.03,0.19,2026-03-03T20:08:54.643352Z
714,25347,Lynn Inc,created,EUR,4950.0,990.0,5940.0,2026-03-03T20:08:55.727187Z
715,77260,Hernandez and Sons,confirmed,GBP,0.02,0.0,0.02,2026-03-03T20:08:54.632110Z
716,31440,Harmon-Wright,invoiced,GBP,3512.68,702.54,4215.22,2026-03-03T20:08:54.618512Z
717,41216,"Hernandez, Carrillo and Perez",paid,USD,0.08,0.01,0.09,2026-03-03T20:08:54.691950Z
718,44113,"Walker, Washington and Anderson",confirmed,EUR,2189.0,437.8,2626.8,2026-03-03T20:08:54.621369Z
719,46227,"Rodriguez, White and Campbell",created,EUR,5174.0,1034.8,6208.8,2026-03-03T20:08:54.627506Z
720,30372,Adkins Group,invoiced,EUR,4956.26,991.25,5947.51,2026-03-03T20:08:54.682950Z
721,30103,"Gutierrez, Hodges and Cooper",created,EUR,3861.0,772.2,4633.2,2026-03-03T20:08:54.722603Z
722,90006,"Hernandez, Torres and Patel",invoiced,USD,3.52,0.25,3.77,2026-03-03T20:08:54.756168Z
723,81119,Harris and Sons,paid,EUR,9353.0,1870.6,11223.6,2026-03-03T20:08:54.730126Z
724,48074,Love Ltd,invoiced,USD,0.33,0.02,0.35,2026-03-03T20:08:54.745769Z
725,21207,Williams-Spencer,paid,EUR,31541.0,6308.2,37849.2,2026-03-03T20:08:54.818916Z
726,44515,Mullen-Ortiz,confirmed,GBP,2.03,0.41,2.44,2026-03-03T20:08:54.773692Z
727,79196,Stone Ltd,paid,GBP,4975.33,995.07,5970.4,2026-03-03T20:08:54.793789Z
728,15323,Foley-Dawson,paid,GBP,891.56,178.31,1069.87,2026-03-03T20:08:54.834627Z
729,52896,Lane-Davis,confirmed,USD,1992.64,139.48,2132.12,2026-03-03T20:08:56.729530Z
730,49749,Williamson PLC,confirmed,EUR,1.18,0.24,1.42,2026-03-03T20:08:55.698130Z
731,19096,"Herrera, Olsen and Garcia",confirmed,USD,609.46,42.66,652.12,2026-03-03T20:08:55.687459Z
732,96803,Gates Ltd,created,GBP,0.19,0.04,0.23,2026-03-03T20:08:55.691658Z
733,64643,"Hayes, Saunders and Hernandez",invoiced,GBP,2720.8,544.16,3264.96,2026-03-03T20:08:55.650881Z
734,99142,French-Pennington,paid,USD,2277.0,159.39,2436.39,2026-03-03T20:08:55.653795Z
735,65805,Johnson Group,confirmed,GBP,0.7,0.14,0.84,2026-03-03T20:08:56.837169Z
736,43160,Jones Group,invoiced,GBP,14768.28,2953.66,17721.94,2026-03-03T20:08:55.754321Z
737,10364,"Lopez, Lopez and Lee",invoiced,GBP,33559.64,6711.93,40271.57,2026-03-03T20:08:56.910298Z
738,31468,Scott and Sons,paid,USD,3861.0,270.27,4131.27,2026-03-03T20:08:55.788673Z
739,35534,"Holt, Mendoza and Lopez",created,EUR,7761.33,1552.27,9313.6,2026-03-03T20:08:55.796890Z
740,85342,Wilkinson LLC,confirmed,EUR,0.9,0.18,1.08,2026-03-03T20:08:55.838833Z
741,38945,"Hardy, Smith and Fisher",created,USD,1.89,0.13,2.02,2026-03-03T20:08:55.845101Z
742,64408,Taylor-Aguilar,invoiced,EUR,290.46,58.09,348.55,2026-03-03T20:08:55.876724Z
743,47229,"Proctor, Johnson and Coleman",invoiced,GBP,1.68,0.34,2.02,2026-03-03T20:08:57.627524Z
744,50497,"Roth, Meyer and Guerra",invoiced,USD,379.56,26.57,406.13,2026-03-03T20:08:57.701932Z
745,38912,"Contreras, Richardson and Whitehead",confirmed,EUR,0.94,0.19,1.13,2026-03-03T20:08:56.618215Z
746,65547,"Moore, Gibbs and Cunningham",paid,USD,4481.69,313.72,4795.41,2026-03-03T20:08:56.685372Z
747,49128,"Wilson, West and Roberts",created,GBP,15721.33,3144.27,18865.6,2026-03-03T20:08:56.629717Z
748,19369,Herring LLC,created,EUR,16780.19,3356.04,20136.23,2026-03-03T20:08:56.701149Z
749,69757,"Davenport, Fischer and Jackson",created,USD,0.83,0.06,0.89,2026-03-03T20:08:56.648867Z
750,52822,Taylor-Allen,confirmed,USD,37566.15,2629.63,40195.78,2026-03-03T20:08:56.769203Z
751,78157,Davies LLC,paid,EUR,0.04,0.01,0.05,2026-03-03T20:08:56.727212Z
752,77690,"Johnson, Kent and Long",paid,USD,0.21,0.01,0.22,2026-03-03T20:08:56.758985Z
753,57824,Hendricks LLC,paid,GBP,0.12,0.02,0.14,2026-03-03T20:08:57.842636Z
754,33511,"Jimenez, Taylor and Henson",confirmed,GBP,15645.0,3129.0,18774.0,2026-03-03T20:08:58.647609Z
755,78326,Cook-Brown,confirmed,USD,48109.0,3367.63,51476.63,2026-03-03T20:08:56.830708Z
756,70187,Williamson-Franklin,paid,GBP,0.55,0.11,0.66,2026-03-03T20:08:56.834966Z
757,61955,"Lopez, Lee and Cervantes",invoiced,USD,1.76,0.12,1.88,2026-03-03T20:08:58.633360Z
758,53421,Cervantes PLC,invoiced,GBP,5148.44,1029.69,6178.13,2026-03-03T20:08:56.856747Z
759,17739,"Jones, Velazquez and Logan",confirmed,GBP,1.23,0.25,1.48,2026-03-03T20:08:57.625211Z
760,27586,Atkins Inc,invoiced,GBP,0.01,0.0,0.01,2026-03-03T20:08:57.681013Z
761,39496,"Norman, Walker and Scott",invoiced,USD,1194.0,83.58,1277.58,2026-03-03T20:08:57.667907Z
762,93240,Zavala-Price,invoiced,GBP,7562.92,1512.58,9075.5,2026-03-03T20:08:57.685768Z
763,91371,Waller Inc,invoiced,EUR,871.29,174.26,1045.55,2026-03-03T20:08:57.690934Z
764,97588,Jones Group,paid,USD,24840.16,1738.81,26578.97,2026-03-03T20:08:57.693666Z
765,14389,Sanchez-Hill,created,EUR,693.0,138.6,831.6,2026-03-03T20:08:57.756935Z
766,46492,Bailey LLC,created,EUR,27166.03,5433.21,32599.24,2026-03-03T20:08:57.799997Z
767,24063,Soto and Sons,invoiced,GBP,9353.0,1870.6,11223.6,2026-03-03T20:09:00.789928Z
768,21464,Bryant-Mosley,confirmed,EUR,1918.03,383.61,2301.64,2026-03-03T20:08:57.831998Z
769,11502,Bishop Inc,created,EUR,1247.2,249.44,1496.64,2026-03-03T20:08:57.762735Z
770,59961,Meadows Group,invoiced,EUR,2183.13,436.63,2619.76,2026-03-03T20:08:57.837852Z
771,59192,Thompson Group,paid,EUR,2.61,0.52,3.13,2026-03-03T20:08:57.840233Z
772,23700,"Rivera, Williams and Thomas",created,GBP,1.52,0.3,1.82,2026-03-03T20:08:57.848821Z
773,32537,Powers-Klein,paid,EUR,80699.0,16139.8,96838.8,2026-03-03T20:08:59.664792Z
774,49547,Wilson PLC,paid,USD,1.86,0.13,1.99,2026-03-03T20:08:58.665026Z
775,73741,Ibarra Ltd,invoiced,EUR,1161.93,232.39,1394.32,2026-03-03T20:08:58.705433Z
776,69047,"Luna, Kim and Kennedy",created,GBP,1.04,0.21,1.25,2026-03-03T20:08:58.613269Z
777,40059,Griffin-Richardson,created,GBP,3766.0,753.2,4519.2,2026-03-03T20:08:58.663052Z
778,15576,Anderson-Mora,invoiced,GBP,0.46,0.09,0.55,2026-03-03T20:08:58.675354Z
779,83810,"Trujillo, Thompson and Huffman",confirmed,GBP,35439.0,7087.8,42526.8,2026-03-03T20:08:59.804516Z
780,36435,"Roman, Copeland and Schmitt",confirmed,GBP,5518.0,1103.6,6621.6,2026-03-03T20:08:58.747762Z
781,38013,Morales LLC,invoiced,GBP,9353.27,1870.65,11223.92,2026-03-03T20:08:58.694438Z
782,97701,King PLC,invoiced,EUR,667.0,133.4,800.4,2026-03-03T20:08:58.793108Z
783,82024,"Brennan, Gonzalez and Powell",created,GBP,4753.03,950.61,5703.64,2026-03-03T20:08:58.786064Z
784,66729,"Johnson, Wright and Torres",paid,EUR,3.6,0.72,4.32,2026-03-03T20:08:58.767101Z
785,77541,Barrera Group,created,USD,39952.08,2796.65,42748.73,2026-03-03T20:08:58.789529Z
786,58521,Klein Ltd,paid,GBP,2.4,0.48,2.88,2026-03-03T20:08:58.783782Z
787,50156,Chen-Hernandez,paid,USD,38352.0,2684.64,41036.64,2026-03-03T20:08:58.774018Z
788,86895,Peck-Smith,paid,GBP,23171.08,4634.22,27805.3,2026-03-03T20:08:58.806628Z
789,72739,"Little, Henry and Myers",confirmed,GBP,7765.24,1553.05,9318.29,2026-03-03T20:08:58.890307Z
790,93824,"Roberts, Reese and Freeman",invoiced,GBP,1.36,0.27,1.63,2026-03-03T20:08:59.698331Z
791,98526,Wheeler and Sons,invoiced,EUR,17582.02,3516.4,21098.42,2026-03-03T20:08:59.670700Z
792,84905,"Deleon, Choi and Hicks",confirmed,GBP,5971.2,1194.24,7165.44,2026-03-03T20:08:59.615116Z
793,90297,"Adams, Patel and Horton",confirmed,EUR,0.16,0.03,0.19,2026-03-03T20:08:59.649530Z
794,50325,Boyd LLC,created,EUR,6369.99,1274.0,7643.99,2026-03-03T20:08:59.668670Z
795,62531,Simpson-Phillips,invoiced,USD,1.51,0.11,1.62,2026-03-03T20:08:59.695935Z
796,83550,Olson-Williamson,invoiced,GBP,25960.86,5192.17,31153.03,2026-03-03T20:09:00.777170Z
797,88018,Martinez-Mendoza,paid,GBP,0.49,0.1,0.59,2026-03-03T20:08:59.703047Z
798,63932,Patterson-Russell,paid,EUR,11186.56,2237.31,13423.87,2026-03-03T20:09:01.703542Z
799,34963,"Gray, Smith and White",confirmed,GBP,19975.0,3995.0,23970.0,2026-03-03T20:08:59.808169Z
800,97996,Dodson-Williams,created,EUR,5272.0,1054.4,6326.4,2026-03-03T20:08:59.744689Z
801,23780,Kelly Group,created,GBP,2673.0,534.6,3207.6,2026-03-03T20:08:59.736567Z
802,81912,Pierce LLC,created,GBP,2.16,0.43,2.59,2026-03-03T20:08:59.774501Z
803,24309,Freeman Group,created,GBP,638.0,127.6,765.6,2026-03-03T20:08:59.821075Z
804,72767,"Stevens, Mullen and Conley",created,USD,2.12,0.15,2.27,2026-03-03T20:08:59.854310Z
805,74761,Atkinson Inc,confirmed,EUR,0.18,0.04,0.22,2026-03-03T20:09:00.623021Z
806,69763,Knight PLC,confirmed,EUR,7164.0,1432.8,8596.8,2026-03-03T20:09:00.655980Z
807,58176,"Garcia, Martin and Lara",invoiced,USD,8358.3,585.08,8943.38,2026-03-03T20:09:00.621108Z
808,57760,Santos-Le,created,EUR,1118.04,223.61,1341.65,2026-03-03T20:09:00.644651Z
809,16592,Lopez-Norton,confirmed,EUR,0.27,0.05,0.32,2026-03-03T20:09:00.646424Z
810,85186,Humphrey-Martin,created,USD,10225.27,715.77,10941.04,2026-03-03T20:09:01.780550Z
811,21935,Estes PLC,confirmed,EUR,0.78,0.16,0.94,2026-03-03T20:09:00.707043Z
812,14106,Austin-Espinoza,created,EUR,3465.57,693.11,4158.68,2026-03-03T20:09:00.756558Z
813,26488,Mcbride Ltd,confirmed,USD,8756.0,612.92,9368.92,2026-03-03T20:09:00.694481Z
814,88764,Summers and Sons,invoiced,GBP,21951.6,4390.32,26341.92,2026-03-03T20:09:00.775088Z
815,11669,Williams-Parker,confirmed,EUR,3.2,0.64,3.84,2026-03-03T20:09:00.714338Z
816,30995,"Rodriguez, Jenkins and Davis",confirmed,GBP,10086.0,2017.2,12103.2,2026-03-03T20:09:00.717233Z
817,26714,"Flores, Whitaker and King",paid,GBP,36754.0,7350.8,44104.8,2026-03-03T20:09:00.796042Z
818,71591,"Flores, Ferguson and Briggs",created,USD,5421.04,379.47,5800.51,2026-03-03T20:09:00.798309Z
819,57694,Anderson LLC,invoiced,GBP,0.7,0.14,0.84,2026-03-03T20:09:00.773225Z
820,38389,Rangel-Henry,created,USD,2.43,0.17,2.6,2026-03-03T20:09:00.848978Z
821,84749,"Riggs, Torres and Ward",paid,EUR,5853.0,1170.6,7023.6,2026-03-03T20:09:01.639163Z
822,24910,Morris-Chandler,created,USD,3602.0,252.14,3854.14,2026-03-03T20:09:01.677523Z
823,54087,"Harrell, Martin and Davis",created,GBP,1.6,0.32,1.92,2026-03-03T20:09:01.679974Z
824,94523,Gardner Inc,invoiced,USD,24960.0,1747.2,26707.2,2026-03-03T20:09:01.636680Z
825,45451,"Rowland, Carter and Lloyd",paid,USD,3781.0,264.67,4045.67,2026-03-03T20:09:01.661647Z
826,82522,"King, Kelly and Thomas",confirmed,GBP,3366.0,673.2,4039.2,2026-03-03T20:09:01.632763Z
827,56780,Freeman-Williams,invoiced,GBP,6169.0,1233.8,7402.8,2026-03-03T20:09:01.628526Z
828,36060,Cummings and Sons,invoiced,USD,1521.0,106.47,1627.47,2026-03-03T20:09:01.653535Z
829,37032,Ruiz-Lee,paid,USD,2376.0,166.32,2542.32,2026-03-03T20:09:01.761862Z
830,23855,"Gill, Hill and Meyers",paid,USD,4.63,0.32,4.95,2026-03-03T20:09:01.712198Z
831,30627,Lozano-Chen,created,EUR,6567.26,1313.45,7880.71,2026-03-03T20:09:01.731960Z
832,95506,"Rogers, Hart and Perez",confirmed,GBP,23780.07,4756.01,28536.08,2026-03-03T20:09:01.727827Z
833,84334,"Roberts, Ray and Rodriguez",created,GBP,0.04,0.01,0.05,2026-03-03T20:09:01.809762Z
834,48719,Walker and Sons,invoiced,USD,35955.88,2516.91,38472.79,2026-03-03T20:09:01.805965Z
835,90876,"Bean, Walton and Haynes",created,GBP,8756.0,1751.2,10507.2,2026-03-03T20:09:01.813593Z
836,63442,Hansen Ltd,created,GBP,8789.0,1757.8,10546.8,2026-03-03T20:09:01.794673Z
837,82819,Wallace-Aguirre,invoiced,USD,3254.16,227.79,3481.95,2026-03-03T20:09:02.611316Z
838,76592,"Morris, Bush and Grimes",invoiced,EUR,1.72,0.34,2.06,2026-03-03T20:09:02.696561Z
839,91070,Combs Ltd,created,GBP,5994.0,1198.8,7192.8,2026-03-03T20:09:02.710993Z
840,37178,Bryant-Charles,confirmed,EUR,10791.0,2158.2,12949.2,2026-03-03T20:09:02.637437Z
841,85718,"Horton, George and Lewis",invoiced,EUR,4536.19,907.24,5443.43,2026-03-03T20:09:02.650791Z
842,18716,Thompson-Miller,created,USD,6392.56,447.48,6840.04,2026-03-03T20:09:02.626614Z
843,97214,"Meyer, Padilla and Warner",created,GBP,0.01,0.0,0.01,2026-03-03T20:09:03.784582Z
844,94554,"Mills, Osborn and Rodriguez",paid,GBP,4.31,0.86,5.17,2026-03-03T20:09:02.629806Z
845,17346,Wong-Schmidt,paid,GBP,1.13,0.23,1.36,2026-03-03T20:09:02.634013Z
846,23410,Freeman and Sons,invoiced,GBP,38353.68,7670.74,46024.42,2026-03-03T20:09:02.663904Z
847,61058,White-Kirk,confirmed,GBP,0.98,0.2,1.18,2026-03-03T20:09:02.715881Z
848,68313,Brock-Buck,invoiced,EUR,7566.0,1513.2,9079.2,2026-03-03T20:09:03.805174Z
849,10390,"Brown, Guerrero and Frye",created,USD,1.14,0.08,1.22,2026-03-03T20:09:02.761425Z
850,74757,Davis-Pearson,invoiced,USD,1386.53,97.06,1483.59,2026-03-03T20:09:02.705250Z
851,85996,Graves-Bryant,created,EUR,1782.44,356.49,2138.93,2026-03-03T20:09:02.720368Z
852,90739,Reynolds Group,created,USD,8557.12,599.0,9156.12,2026-03-03T20:09:02.748059Z
853,63046,Boyer-Garner,paid,USD,986.07,69.02,1055.09,2026-03-03T20:09:02.743995Z
854,56363,Hardy-Mason,created,USD,3987.0,279.09,4266.09,2026-03-03T20:09:04.630667Z
855,42650,Moore-Newton,invoiced,EUR,1.51,0.3,1.81,2026-03-03T20:09:03.691823Z
856,38476,Saunders Inc,paid,GBP,38353.92,7670.78,46024.7,2026-03-03T20:09:03.661165Z
857,73115,"Neal, Clarke and Lambert",created,USD,24769.0,1733.83,26502.83,2026-03-03T20:09:03.704273Z
858,79361,"Davis, Moore and Oneill",paid,USD,1.65,0.12,1.77,2026-03-03T20:09:03.699206Z
859,85033,Martinez Ltd,paid,USD,3420.0,239.4,3659.4,2026-03-03T20:09:03.638756Z
860,28119,Contreras Inc,confirmed,GBP,1394.92,278.98,1673.9,2026-03-03T20:09:03.688296Z
861,68470,Sexton-Williams,confirmed,GBP,4776.46,955.29,5731.75,2026-03-03T20:09:03.663988Z
862,84054,"Harris, Mason and Wiggins",invoiced,GBP,29563.0,5912.6,35475.6,2026-03-03T20:09:03.788419Z
863,86217,Ryan-Horne,invoiced,USD,0.24,0.02,0.26,2026-03-03T20:09:03.756161Z
864,50080,Johnson-Frazier,created,GBP,25144.0,5028.8,30172.8,2026-03-03T20:09:03.796583Z
865,62456,"Peters, Mckenzie and Alexander",confirmed,USD,3782.16,264.75,4046.91,2026-03-03T20:09:03.759346Z
866,25439,Smith LLC,paid,EUR,1363.0,272.6,1635.6,2026-03-03T20:09:06.715487Z
867,27433,"Stevens, Mata and Carrillo",invoiced,USD,9342.15,653.95,9996.1,2026-03-03T20:09:03.853390Z
868,62649,Murphy PLC,invoiced,EUR,11985.0,2397.0,14382.0,2026-03-03T20:09:03.838064Z
869,64210,"Sanders, Jensen and Bryant",paid,GBP,5174.0,1034.8,6208.8,2026-03-03T20:09:03.866987Z
870,42079,Wallace-Wood,paid,USD,11188.48,783.19,11971.67,2026-03-03T20:09:03.835497Z
871,55597,"Valencia, Rosales and Cortez",created,GBP,7822.0,1564.4,9386.4,2026-03-03T20:09:04.697315Z
872,81744,Anderson-Jordan,confirmed,EUR,2987.16,597.43,3584.59,2026-03-03T20:09:04.653985Z
873,28466,"Knight, Torres and Mullen",confirmed,EUR,15124.0,3024.8,18148.8,2026-03-03T20:09:04.613734Z
874,78074,Gomez Inc,confirmed,EUR,1687.2,337.44,2024.64,2026-03-03T20:09:04.708426Z
875,75970,Adkins-Trujillo,created,EUR,1.93,0.39,2.32,2026-03-03T20:09:04.642447Z
876,12821,"Green, Fisher and Miller",invoiced,USD,6.21,0.43,6.64,2026-03-03T20:09:04.637669Z
877,38982,Bruce-Oneill,confirmed,EUR,9950.0,1990.0,11940.0,2026-03-03T20:09:04.620510Z
878,81248,"Campbell, Atkins and Peterson",confirmed,USD,17114.0,1197.98,18311.98,2026-03-03T20:09:04.674872Z
879,20189,"Cox, Gaines and Lopez",created,GBP,22550.78,4510.16,27060.94,2026-03-03T20:09:04.755775Z
880,23931,Gross Ltd,invoiced,USD,27166.26,1901.64,29067.9,2026-03-03T20:09:04.752977Z
881,97751,Jackson-West,paid,USD,8025.0,561.75,8586.75,2026-03-03T20:09:04.737565Z
882,11531,"May, Braun and Taylor",paid,GBP,2640.28,528.06,3168.34,2026-03-03T20:09:05.837812Z
883,82900,Martin PLC,created,EUR,28767.28,5753.46,34520.74,2026-03-03T20:09:04.721660Z
884,98718,Cameron Group,created,USD,2673.0,187.11,2860.11,2026-03-03T20:09:04.788546Z
885,58336,Meza-Olsen,confirmed,GBP,39356.01,7871.2,47227.21,2026-03-03T20:09:04.747187Z
886,35037,"Hansen, Martinez and Evans",created,EUR,7365.48,1473.1,8838.58,2026-03-03T20:09:04.758723Z
887,74785,Freeman-Gonzalez,confirmed,GBP,609.0,121.8,730.8,2026-03-03T20:09:04.811933Z
888,20465,Silva-Moon,invoiced,EUR,33558.57,6711.71,40270.28,2026-03-03T20:09:05.688693Z
889,93714,"Mcbride, Young and Miller",invoiced,GBP,3.19,0.64,3.83,2026-03-03T20:09:05.685177Z
890,16340,Campbell-Adams,confirmed,GBP,551.0,110.2,661.2,2026-03-03T20:09:05.619706Z
891,93275,Hill-Young,invoiced,GBP,3874.0,774.8,4648.8,2026-03-03T20:09:05.691788Z
892,39635,Beck-Whitaker,created,EUR,14745.44,2949.09,17694.53,2026-03-03T20:09:05.682692Z
893,76032,Clark-Guerrero,confirmed,EUR,16378.18,3275.64,19653.82,2026-03-03T20:09:05.697277Z
894,67992,Campbell-Frazier,created,EUR,9353.0,1870.6,11223.6,2026-03-03T20:09:05.706078Z
895,94926,Simmons PLC,confirmed,USD,5771.0,403.97,6174.97,2026-03-03T20:09:05.649724Z
896,36053,"Wilson, Morris and Mccoy",created,USD,0.29,0.02,0.31,2026-03-03T20:09:05.763721Z
897,16269,Potter Group,invoiced,EUR,668.72,133.74,802.46,2026-03-03T20:09:05.765450Z
898,64819,Miller Inc,created,GBP,0.13,0.03,0.16,2026-03-03T20:09:05.771713Z
899,26951,Harmon Ltd,paid,USD,14643.0,1025.01,15668.01,2026-03-03T20:09:05.789969Z
900,91800,Brooks Inc,created,GBP,7229.48,1445.9,8675.38,2026-03-03T20:09:05.813025Z
901,66520,"Phillips, Silva and Cruz",created,EUR,19976.3,3995.26,23971.56,2026-03-03T20:09:05.820494Z
902,45776,"Walters, Castillo and Lawrence",created,EUR,8940.6,1788.12,10728.72,2026-03-03T20:09:05.769494Z
903,15521,"Valdez, Roberts and Lopez",created,USD,14410.0,1008.7,15418.7,2026-03-03T20:09:05.802804Z
904,88901,Hunt-Morrison,created,USD,28764.3,2013.5,30777.8,2026-03-03T20:09:06.626576Z
905,99663,Reed-Medina,paid,EUR,36754.0,7350.8,44104.8,2026-03-03T20:09:06.640541Z
906,10155,Gamble-Harrington,created,EUR,1.5,0.3,1.8,2026-03-03T20:09:06.700665Z
907,62798,Strong LLC,invoiced,EUR,25827.0,5165.4,30992.4,2026-03-03T20:09:06.683990Z
908,94741,Richard and Sons,created,GBP,2604.0,520.8,3124.8,2026-03-03T20:09:06.631992Z
909,36995,"Sanders, Briggs and Young",confirmed,EUR,796.0,159.2,955.2,2026-03-03T20:09:06.648682Z
910,91769,"Hayes, Bowman and Mendez",invoiced,EUR,0.13,0.03,0.16,2026-03-03T20:09:06.634265Z
911,69935,Buck-Cline,confirmed,GBP,13214.0,2642.8,15856.8,2026-03-03T20:09:06.694230Z
912,78990,"Small, Collins and Castro",invoiced,EUR,1601.28,320.26,1921.54,2026-03-03T20:09:06.643457Z
913,22396,Woods Ltd,confirmed,GBP,0.24,0.05,0.29,2026-03-03T20:09:06.727164Z
914,17592,Pratt-Yang,invoiced,USD,17578.4,1230.49,18808.89,2026-03-03T20:09:08.624230Z
915,32698,Robles-Webb,confirmed,USD,299.37,20.96,320.33,2026-03-03T20:09:06.754400Z
916,99729,"Blanchard, Bird and Robles",invoiced,GBP,44177.0,8835.4,53012.4,2026-03-03T20:09:06.790370Z
917,78539,"Blankenship, Farley and Williams",invoiced,GBP,398.21,79.64,477.85,2026-03-03T20:09:06.748546Z
918,93741,Espinoza-Thomas,confirmed,USD,1162.41,81.37,1243.78,2026-03-03T20:09:06.803200Z
919,98770,"Mclaughlin, Mitchell and Castro",created,GBP,986.0,197.2,1183.2,2026-03-03T20:09:06.801358Z
920,89398,Russell-Hernandez,paid,EUR,18377.44,3675.49,22052.93,2026-03-03T20:09:06.808982Z
921,55516,Sullivan-Munoz,created,EUR,0.3,0.06,0.36,2026-03-03T20:09:07.676640Z
922,16576,"Mcintosh, Bradshaw and Henry",invoiced,USD,2187.0,153.09,2340.09,2026-03-03T20:09:07.618043Z
923,72712,George PLC,invoiced,GBP,3670.0,734.0,4404.0,2026-03-03T20:09:07.664187Z
924,84068,Ellis-Norris,invoiced,USD,4.22,0.3,4.52,2026-03-03T20:09:07.657064Z
925,22223,Spence Ltd,paid,GBP,1.35,0.27,1.62,2026-03-03T20:09:07.672870Z
926,94609,Nash-Shaffer,paid,USD,396.0,27.72,423.72,2026-03-03T20:09:07.646544Z
927,93292,Miller Inc,confirmed,GBP,87.0,17.4,104.4,2026-03-03T20:09:07.623934Z
928,50051,Ryan-Frank,created,EUR,15906.9,3181.38,19088.28,2026-03-03T20:09:07.698636Z
929,35340,"Jones, Floyd and Jacobson",invoiced,USD,3963.0,277.41,4240.41,2026-03-03T20:09:07.654615Z
930,78121,Ruiz PLC,created,EUR,1379.18,275.84,1655.02,2026-03-03T20:09:07.687923Z
931,65572,Cohen-Duncan,invoiced,USD,19979.08,1398.54,21377.62,2026-03-03T20:09:07.731314Z
932,77728,Callahan Ltd,invoiced,GBP,3268.12,653.62,3921.74,2026-03-03T20:09:07.708816Z
933,79356,"Thompson, Shaw and Stanley",created,GBP,1.28,0.26,1.54,2026-03-03T20:09:07.781974Z
934,70478,Smith Inc,created,GBP,3.28,0.66,3.94,2026-03-03T20:09:07.771286Z
935,99870,"Chavez, Williams and Jackson",confirmed,EUR,37595.05,7519.01,45114.06,2026-03-03T20:09:07.758088Z
936,30288,Frederick-Johnson,paid,EUR,11985.39,2397.08,14382.47,2026-03-03T20:09:07.773790Z
937,80349,Welch PLC,created,USD,7.4,0.52,7.92,2026-03-03T20:09:09.653627Z
938,68860,Wood-Maldonado,paid,EUR,9755.76,1951.15,11706.91,2026-03-03T20:09:07.831771Z
939,22775,Robinson LLC,confirmed,GBP,1073.55,214.71,1288.26,2026-03-03T20:09:08.662927Z
940,57019,Smith-Sandoval,created,GBP,464.78,92.96,557.74,2026-03-03T20:09:08.660863Z
941,56901,"Patel, Rodgers and Fleming",paid,GBP,8789.24,1757.85,10547.09,2026-03-03T20:09:08.607016Z
942,61775,Dalton Ltd,paid,USD,396.0,27.72,423.72,2026-03-03T20:09:11.685064Z
943,80971,Nichols and Sons,created,EUR,3163.27,632.65,3795.92,2026-03-03T20:09:08.618750Z
944,11542,Ellison-Medina,confirmed,GBP,0.74,0.15,0.89,2026-03-03T20:09:08.685155Z
945,67064,Wolfe-Hogan,confirmed,USD,2.65,0.19,2.84,2026-03-03T20:09:08.641312Z
946,14410,"Wong, Dickson and Burns",confirmed,USD,2.4,0.17,2.57,2026-03-03T20:09:08.657182Z
947,36084,"Hill, Kelly and Rodriguez",confirmed,GBP,2589.18,517.84,3107.02,2026-03-03T20:09:08.666336Z
948,78405,Townsend-Johnson,created,USD,0.08,0.01,0.09,2026-03-03T20:09:08.765618Z
949,54065,"Richardson, Weiss and Adams",paid,USD,812.24,56.86,869.1,2026-03-03T20:09:08.762901Z
950,37813,Steele Group,invoiced,USD,2.24,0.16,2.4,2026-03-03T20:09:08.750517Z
951,33260,Carson-Scott,created,USD,5574.07,390.18,5964.25,2026-03-03T20:09:08.785655Z
952,25003,"Williams, Lopez and Martin",paid,EUR,35955.0,7191.0,43146.0,2026-03-03T20:09:08.736161Z
953,10532,Hughes LLC,paid,GBP,6766.72,1353.34,8120.06,2026-03-03T20:09:08.760410Z
954,32665,"Brown, Dickerson and Graves",confirmed,EUR,25441.32,5088.26,30529.58,2026-03-03T20:09:08.757997Z
955,97138,Gibson-Gilbert,paid,GBP,408.85,81.77,490.62,2026-03-03T20:09:08.825686Z
956,99563,Hernandez-Rodgers,invoiced,GBP,5581.57,1116.31,6697.88,2026-03-03T20:09:09.684098Z
957,70636,Noble and Sons,invoiced,EUR,3.04,0.61,3.65,2026-03-03T20:09:10.750112Z
958,52309,"Mclean, Castillo and Reynolds",confirmed,GBP,3366.06,673.21,4039.27,2026-03-03T20:09:09.686340Z
959,72236,Rodriguez Group,confirmed,USD,3762.0,263.34,4025.34,2026-03-03T20:09:09.646817Z
960,60890,"Thompson, Small and Carter",confirmed,USD,3961.68,277.32,4239.0,2026-03-03T20:09:09.694805Z
961,93996,"Brown, Barnes and Stephens",confirmed,USD,1.23,0.09,1.32,2026-03-03T20:09:09.611268Z
962,43190,"Pearson, Kim and Anderson",confirmed,GBP,27965.0,5593.0,33558.0,2026-03-03T20:09:09.696772Z
963,80716,Lewis-Preston,paid,GBP,3366.0,673.2,4039.2,2026-03-03T20:09:09.613378Z
964,76125,Hawkins-Donovan,invoiced,EUR,4951.76,990.35,5942.11,2026-03-03T20:09:09.715136Z
965,40145,Morris-Holt,confirmed,EUR,3.54,0.71,4.25,2026-03-03T20:09:09.673967Z
966,14330,Barrett-Freeman,paid,USD,1.84,0.13,1.97,2026-03-03T20:09:10.777785Z
967,78948,Lewis Group,paid,EUR,2787.93,557.59,3345.52,2026-03-03T20:09:09.791177Z
968,22863,Hampton-Andrews,created,USD,24726.96,1730.89,26457.85,2026-03-03T20:09:10.906690Z
969,59538,"Cuevas, Davis and Stark",created,GBP,5975.32,1195.06,7170.38,2026-03-03T20:09:09.766886Z
970,47472,"Rodriguez, Davis and Hansen",created,EUR,792.34,158.47,950.81,2026-03-03T20:09:09.839534Z
971,44483,Archer Ltd,created,USD,3465.0,242.55,3707.55,2026-03-03T20:09:09.826596Z
972,25740,"Russell, James and Villarreal",invoiced,GBP,2.53,0.51,3.04,2026-03-03T20:09:10.642900Z
973,30341,"Williams, Barnes and Baker",created,USD,3663.21,256.42,3919.63,2026-03-03T20:09:10.640560Z
974,53173,"Guzman, Salazar and Steele",paid,GBP,10704.0,2140.8,12844.8,2026-03-03T20:09:10.669556Z
975,74849,"Horton, Newman and Hoffman",invoiced,USD,5174.38,362.21,5536.59,2026-03-03T20:09:10.708430Z
976,53466,"Cohen, Richard and Brown",paid,GBP,6138.0,1227.6,7365.6,2026-03-03T20:09:10.622463Z
977,92623,Schneider LLC,created,GBP,37823.48,7564.7,45388.18,2026-03-03T20:09:10.636096Z
978,87451,Chang Group,paid,USD,22653.0,1585.71,24238.71,2026-03-03T20:09:10.752269Z
979,71360,Tyler Inc,invoiced,EUR,4591.21,918.24,5509.45,2026-03-03T20:09:10.734706Z
980,65976,Irwin-Thompson,created,USD,0.97,0.07,1.04,2026-03-03T20:09:10.756086Z
981,38757,Taylor LLC,invoiced,GBP,2786.0,557.2,3343.2,2026-03-03T20:09:10.760497Z
982,76174,Roberson Inc,paid,USD,31960.08,2237.21,34197.29,2026-03-03T20:09:10.806124Z
983,96893,"Blake, Bennett and Tran",created,GBP,1.55,0.31,1.86,2026-03-03T20:09:10.783461Z
984,92392,Kennedy Inc,invoiced,USD,51368.0,3595.76,54963.76,2026-03-03T20:09:10.819151Z
985,53364,Richardson Group,created,EUR,9355.0,1871.0,11226.0,2026-03-03T20:09:10.842393Z
986,25837,Cox Inc,confirmed,GBP,27760.0,5552.0,33312.0,2026-03-03T20:09:10.870738Z
987,79829,"Mack, Moreno and Brown",created,GBP,0.51,0.1,0.61,2026-03-03T20:09:11.697753Z
988,49821,"Rodriguez, Garcia and Miller",invoiced,GBP,47307.0,9461.4,56768.4,2026-03-03T20:09:11.636356Z
989,20789,Evans Ltd,invoiced,EUR,20776.11,4155.22,24931.33,2026-03-03T20:09:11.677171Z
990,75778,Barber LLC,created,EUR,3.86,0.77,4.63,2026-03-03T20:09:11.649845Z
991,29305,Rios-Roberts,invoiced,GBP,0.9,0.18,1.08,2026-03-03T20:09:11.673792Z
992,36059,Lindsey-Smith,paid,EUR,0.01,0.0,0.01,2026-03-03T20:09:11.630492Z
993,18059,Thomas LLC,paid,GBP,2178.0,435.6,2613.6,2026-03-03T20:09:11.694790Z
994,26653,"Parsons, James and Valdez",created,USD,551.97,38.64,590.61,2026-03-03T20:09:11.681802Z
995,33827,Gill-Lambert,paid,USD,348.58,24.4,372.98,2026-03-03T20:09:11.617969Z
996,68167,Werner-Garcia,created,EUR,51935.0,10387.0,62322.0,2026-03-03T20:09:11.704590Z
997,71040,Evans-Thompson,paid,USD,34357.0,2404.99,36761.99,2026-03-03T20:09:11.786173Z
998,31605,Crane-Patel,confirmed,EUR,2673.8,534.76,3208.56,2026-03-03T20:09:11.701021Z
999,98972,Mosley PLC,confirmed,EUR,7164.0,1432.8,8596.8,2026-03-03T20:09:11.758933Z
1000,66226,"Hodges, Long and Brown",paid,USD,27965.0,1957.55,29922.55,2026-03-03T20:09:14.037340Z
